INFO 2026-06-26 16:05:41,457 autoreload 368369 124571977531520 Watching for file changes with StatReloader
INFO 2026-06-26 16:05:49,211 log 368369 124571835430592 code 400, message Bad request version ('\xc5n\\x8d\\x1a\xd1\xe3\xdcq\xbfJ\\x8e\\x19\\x89')
INFO 2026-06-26 16:05:49,212 log 368369 124571827037888 code 400, message Bad request version ('\\x91\xf8\xdf\xf0K-\xed')
ERROR 2026-06-26 16:05:49,212 log 368369 124571835430592 You're accessing the development server over HTTPS, but it only supports HTTP.
ERROR 2026-06-26 16:05:49,212 log 368369 124571827037888 You're accessing the development server over HTTPS, but it only supports HTTP.
INFO 2026-06-26 16:05:49,472 log 368369 124571835430592 code 400, message Bad request version ('\xd7\xddX\xed')
ERROR 2026-06-26 16:05:49,472 log 368369 124571835430592 You're accessing the development server over HTTPS, but it only supports HTTP.
INFO 2026-06-26 16:05:49,539 log 368369 124571835430592 code 400, message Bad request version ('\\x9a\\x9a\\x13\\x01\\x13\\x02\\x13\\x03\xc0+\xc0/\xc0,\xc00\xcc\xa9\xcc\xa8\xc0\\x13\xc0\\x14\\x00\\x9c\\x00\\x9d\\x00/\\x005\\x01\\x00\\x06E\xea\xea\\x00\\x00\\x00')
ERROR 2026-06-26 16:05:49,539 log 368369 124571835430592 You're accessing the development server over HTTPS, but it only supports HTTP.
INFO 2026-06-26 16:05:49,540 log 368369 124571827037888 code 400, message Bad request version ('\\x89\\x91\xd7;\xdc')
ERROR 2026-06-26 16:05:49,540 log 368369 124571827037888 You're accessing the development server over HTTPS, but it only supports HTTP.
INFO 2026-06-26 16:05:49,784 log 368369 124571827037888 code 400, message Bad request version ('p\xb1\xcae')
ERROR 2026-06-26 16:05:49,784 log 368369 124571827037888 You're accessing the development server over HTTPS, but it only supports HTTP.
INFO 2026-06-26 16:06:17,546 log 368369 124571827037888 code 400, message Bad request version ('JJ\\x13\\x01\\x13\\x02\\x13\\x03\xc0+\xc0/\xc0,\xc00\xcc\xa9\xcc\xa8\xc0\\x13\xc0\\x14\\x00\\x9c\\x00\\x9d\\x00/\\x005\\x01\\x00\\x06e::\\x00\\x00\xff\\x01\\x00\\x01\\x00\\x00-\\x00\\x02\\x01\\x01\\x00')
ERROR 2026-06-26 16:06:17,546 log 368369 124571827037888 You're accessing the development server over HTTPS, but it only supports HTTP.
INFO 2026-06-26 16:06:17,554 log 368369 124571827037888 code 400, message Bad request version ('\\x99K\xc6*\\x17\xcbS\xa5\xc0\xc4hU\\x15\xc4\xc4D')
ERROR 2026-06-26 16:06:17,554 log 368369 124571827037888 You're accessing the development server over HTTPS, but it only supports HTTP.
INFO 2026-06-26 16:06:17,814 log 368369 124571827037888 code 400, message Bad request version ('localhost\\x00')
ERROR 2026-06-26 16:06:17,815 log 368369 124571827037888 You're accessing the development server over HTTPS, but it only supports HTTP.
INFO 2026-06-26 16:06:17,871 log 368369 124571827037888 code 400, message Bad request version ('localhost\\x00-\\x00\\x02\\x01\\x01\\x00\\x17\\x00\\x00\\x003\\x04\xef\\x04\xed\\x1a\\x1a\\x00\\x01\\x00\\x11\xec\\x04\xc0\xf0p\\x97Ub')
ERROR 2026-06-26 16:06:17,871 log 368369 124571827037888 You're accessing the development server over HTTPS, but it only supports HTTP.
INFO 2026-06-26 16:06:17,877 log 368369 124571827037888 code 400, message Bad request version ('\\x02h2\\x08http/1.1\\x00\\x1b\\x00\\x03\\x02\\x00\\x02\\x00+\\x00\\x07\\x06\xea\xea\\x03\\x04\\x03\\x03\\x00\\x12\\x00\\x00\\x00#\\x00\\x00\\x00')
ERROR 2026-06-26 16:06:17,878 log 368369 124571827037888 You're accessing the development server over HTTPS, but it only supports HTTP.
INFO 2026-06-26 16:06:18,135 log 368369 124571827037888 code 400, message Bad request version ('\\x00\\x02\\x01\\x00\\x00')
ERROR 2026-06-26 16:06:18,135 log 368369 124571827037888 You're accessing the development server over HTTPS, but it only supports HTTP.
INFO 2026-06-26 16:06:21,643 log 368369 124571818645184 code 400, message Bad request syntax ('\\x16\\x03\\x01\\x06\xd2\\x01\\x00\\x06\xce\\x03\\x03\xca')
ERROR 2026-06-26 16:06:21,643 log 368369 124571818645184 You're accessing the development server over HTTPS, but it only supports HTTP.
INFO 2026-06-26 16:06:21,905 log 368369 124571818645184 code 400, message Bad request version (',\xcf\xd6z\xddK\\x0f+\\x98{\\x7f\\x03)yg\xc1B\\x81\\x9e\\x1b\xc2\\x88?4\xc0$G')
ERROR 2026-06-26 16:06:21,906 log 368369 124571818645184 You're accessing the development server over HTTPS, but it only supports HTTP.
INFO 2026-06-26 16:06:21,966 log 368369 124571818645184 code 400, message Bad request version ('\\x02h2\\x08http/1.1\\x00')
ERROR 2026-06-26 16:06:21,967 log 368369 124571818645184 You're accessing the development server over HTTPS, but it only supports HTTP.
INFO 2026-06-26 16:06:22,219 log 368369 124571818645184 code 400, message Bad request syntax ("\\x16\\x03\\x01\\x07\\x12\\x01\\x00\\x07\\x0e\\x03\\x03s;?\xd9\xa7\xdbNG\\x18'\xa1\\x10\\x0et6(\\x18\xdc'\\x17h\xf0w\xd4\xb0")
ERROR 2026-06-26 16:06:22,220 log 368369 124571818645184 You're accessing the development server over HTTPS, but it only supports HTTP.
INFO 2026-06-26 16:07:23,963 autoreload 368906 139166322819200 Watching for file changes with StatReloader
INFO 2026-06-26 16:07:30,618 log 368906 139166188828352 code 400, message Bad request version ('\xb3\xc7\xe0\\x0e\xc3/\\x9c7\xca\xc1\xf8\xfb')
ERROR 2026-06-26 16:07:30,618 log 368906 139166188828352 You're accessing the development server over HTTPS, but it only supports HTTP.
INFO 2026-06-26 16:07:30,620 log 368906 139166188828352 code 400, message Bad request version ('localhost\\x00\\x12\\x00\\x00\xff\\x01\\x00\\x01\\x00\\x00')
ERROR 2026-06-26 16:07:30,620 log 368906 139166188828352 You're accessing the development server over HTTPS, but it only supports HTTP.
INFO 2026-06-26 16:07:30,882 log 368906 139166188828352 code 400, message Bad request syntax ("\\x16\\x03\\x01\\x07\\x12\\x01\\x00\\x07\\x0e\\x03\\x03\\x11\xbc\\x1b\\x95\xa8\xe9\xd3\xd9\xc0T'h\xbd\xd5(")
ERROR 2026-06-26 16:07:30,882 log 368906 139166188828352 You're accessing the development server over HTTPS, but it only supports HTTP.
INFO 2026-06-26 16:07:30,928 log 368906 139166188828352 code 400, message Bad request version ('\\x00\\x02\\x01\\x00\\x00')
ERROR 2026-06-26 16:07:30,928 log 368906 139166188828352 You're accessing the development server over HTTPS, but it only supports HTTP.
INFO 2026-06-26 16:07:30,930 log 368906 139166188828352 code 400, message Bad request version ('\xea\xea\\x00\\x00\\x00\\x05\\x00\\x05\\x01\\x00\\x00\\x00\\x00\\x00-\\x00\\x02\\x01\\x01\\x00+\\x00\\x07\\x06\xda\xda\\x03\\x04\\x03\\x03\\x00')
ERROR 2026-06-26 16:07:30,930 log 368906 139166188828352 You're accessing the development server over HTTPS, but it only supports HTTP.
INFO 2026-06-26 16:07:31,192 log 368906 139166188828352 code 400, message Bad request version ('\\x8a\\x8a\\x13\\x01\\x13\\x02\\x13\\x03\xc0+\xc0/\xc0,\xc00\xcc\xa9\xcc\xa8\xc0\\x13\xc0\\x14\\x00\\x9c\\x00\\x9d\\x00/\\x005\\x01\\x00\\x06\xa5\xca\xca\\x00\\x00\\x00\\x17\\x00\\x00\\x00')
ERROR 2026-06-26 16:07:31,193 log 368906 139166188828352 You're accessing the development server over HTTPS, but it only supports HTTP.
INFO 2026-06-26 16:07:39,302 log 368906 139166188828352 "GET / HTTP/1.1" 200 2675
WARNING 2026-06-26 16:07:39,667 log 368906 139166188828352 Not Found: /favicon.ico
WARNING 2026-06-26 16:07:39,667 log 368906 139166188828352 "GET /favicon.ico HTTP/1.1" 404 8116
INFO 2026-06-26 16:08:12,879 autoreload 368906 139166322819200 /home/danilobo/projetos/Home_inventory/casa/logging_config.py changed, reloading.
INFO 2026-06-26 16:08:13,196 autoreload 369064 134425903145088 Watching for file changes with StatReloader
INFO 2026-06-26 16:08:20,874 log 369064 134425765476032 "GET / HTTP/1.1" 200 2675
INFO 2026-06-26 16:08:22,002 log 369064 134425765476032 "GET /itens/ HTTP/1.1" 200 16219
INFO 2026-06-26 16:08:22,055 log 369064 134425765476032 "GET /media/itens/Captura_de_ecr%C3%A3_2026-03-05_115224.png HTTP/1.1" 200 26981
INFO 2026-06-26 16:08:22,056 log 369064 134425731905216 "GET /media/itens/Captura_de_ecr%C3%A3_2026-03-09_123003.png HTTP/1.1" 200 6827
INFO 2026-06-26 16:08:22,057 log 369064 134425723512512 "GET /static/inventory/js/barcode_scanner.js HTTP/1.1" 200 1805
INFO 2026-06-26 16:08:22,057 log 369064 134425740297920 "GET /media/itens/Captura_de_ecr%C3%A3_2026-03-09_122956.png HTTP/1.1" 200 7813
INFO 2026-06-26 16:08:22,059 log 369064 134425757083328 "GET /media/itens/Captura_de_ecr%C3%A3_2026-03-09_122732.png HTTP/1.1" 200 168141
INFO 2026-06-26 16:08:22,060 log 369064 134425748690624 "GET /media/itens/Captura_de_ecr%C3%A3_2026-03-09_122846.png HTTP/1.1" 200 155432
INFO 2026-06-26 16:08:22,065 log 369064 134425740297920 "GET /media/itens/Captura_de_ecr%C3%A3_2026-03-09_123251.png HTTP/1.1" 200 3859
INFO 2026-06-26 16:08:22,069 log 369064 134425731905216 "GET /media/itens/Captura_de_ecr%C3%A3_2026-03-09_123302.png HTTP/1.1" 200 5927
INFO 2026-06-26 16:08:22,069 log 369064 134425723512512 "GET /media/itens/Captura_de_ecr%C3%A3_2026-03-09_123257.png HTTP/1.1" 200 6018
INFO 2026-06-26 16:08:22,100 log 369064 134425765476032 "GET /media/itens/Captura_de_ecr%C3%A3_2026-03-09_123308.png HTTP/1.1" 200 8373
INFO 2026-06-26 16:08:23,542 log 369064 134425765476032 "GET / HTTP/1.1" 200 2675
INFO 2026-06-26 16:08:24,089 log 369064 134425765476032 "GET /desejos/ HTTP/1.1" 200 8062
INFO 2026-06-26 16:08:24,120 log 369064 134425765476032 "GET /media/desejos/Captura_de_ecr%C3%A3_2026-03-05_114950.png HTTP/1.1" 200 195617
INFO 2026-06-26 16:08:25,713 log 369064 134425765476032 "GET / HTTP/1.1" 200 2675
INFO 2026-06-26 16:08:26,390 log 369064 134425765476032 "GET /lista-compras/ HTTP/1.1" 200 17546
INFO 2026-06-26 16:08:28,227 log 369064 134425765476032 "GET / HTTP/1.1" 200 2675
INFO 2026-06-26 16:08:28,945 log 369064 134425765476032 "GET /despensa/ HTTP/1.1" 200 6103
INFO 2026-06-26 16:08:30,462 log 369064 134425765476032 "GET / HTTP/1.1" 200 2675
INFO 2026-06-26 16:08:31,449 log 369064 134425765476032 "GET /gastos/ HTTP/1.1" 200 6098
INFO 2026-06-26 16:08:34,144 log 369064 134425765476032 "GET / HTTP/1.1" 200 2675
INFO 2026-07-06 17:03:36,371 autoreload 133375 136028479623296 Watching for file changes with StatReloader
INFO 2026-07-06 17:03:42,436 log 133375 136028325148352 "GET / HTTP/1.1" 200 2642
INFO 2026-07-06 17:03:42,483 log 133375 136028325148352 "GET /static/inventory/css/ui-revamp.css HTTP/1.1" 200 3528
WARNING 2026-07-06 17:03:42,644 log 133375 136028325148352 Not Found: /favicon.ico
WARNING 2026-07-06 17:03:42,644 log 133375 136028325148352 "GET /favicon.ico HTTP/1.1" 404 8116
ERROR 2026-07-06 17:03:44,257 log 133375 136028325148352 Internal Server Error: /itens/
Traceback (most recent call last):
  File "/home/danilobo/Home_inventory/py_home/lib/python3.12/site-packages/django/db/backends/utils.py", line 105, in _execute
    return self.cursor.execute(sql, params)
           ^^^^^^^^^^^^^^^^^^^^^^^^^^^^^^^^
  File "/home/danilobo/Home_inventory/py_home/lib/python3.12/site-packages/django/db/backends/mysql/base.py", line 78, in execute
    return self.cursor.execute(query, args)
           ^^^^^^^^^^^^^^^^^^^^^^^^^^^^^^^^
  File "/home/danilobo/Home_inventory/py_home/lib/python3.12/site-packages/MySQLdb/cursors.py", line 179, in execute
    res = self._query(mogrified_query)
          ^^^^^^^^^^^^^^^^^^^^^^^^^^^^
  File "/home/danilobo/Home_inventory/py_home/lib/python3.12/site-packages/MySQLdb/cursors.py", line 330, in _query
    db.query(q)
  File "/home/danilobo/Home_inventory/py_home/lib/python3.12/site-packages/MySQLdb/connections.py", line 286, in query
    _mysql.connection.query(self, query)
MySQLdb.ProgrammingError: (1146, "Table 'casa_inventory.inventory_item' doesn't exist")

The above exception was the direct cause of the following exception:

Traceback (most recent call last):
  File "/home/danilobo/Home_inventory/py_home/lib/python3.12/site-packages/django/core/handlers/exception.py", line 55, in inner
    response = get_response(request)
               ^^^^^^^^^^^^^^^^^^^^^
  File "/home/danilobo/Home_inventory/py_home/lib/python3.12/site-packages/django/core/handlers/base.py", line 198, in _get_response
    response = wrapped_callback(request, *callback_args, **callback_kwargs)
               ^^^^^^^^^^^^^^^^^^^^^^^^^^^^^^^^^^^^^^^^^^^^^^^^^^^^^^^^^^^^
  File "/home/danilobo/Home_inventory/casa/inventory/views.py", line 72, in itens
    total_itens = Item.objects.aggregate(total=Sum("valor"))["total"] or 0
                  ^^^^^^^^^^^^^^^^^^^^^^^^^^^^^^^^^^^^^^^^^^
  File "/home/danilobo/Home_inventory/py_home/lib/python3.12/site-packages/django/db/models/manager.py", line 87, in manager_method
    return getattr(self.get_queryset(), name)(*args, **kwargs)
           ^^^^^^^^^^^^^^^^^^^^^^^^^^^^^^^^^^^^^^^^^^^^^^^^^^^
  File "/home/danilobo/Home_inventory/py_home/lib/python3.12/site-packages/django/db/models/query.py", line 594, in aggregate
    return self.query.chain().get_aggregation(self.db, kwargs)
           ^^^^^^^^^^^^^^^^^^^^^^^^^^^^^^^^^^^^^^^^^^^^^^^^^^^
  File "/home/danilobo/Home_inventory/py_home/lib/python3.12/site-packages/django/db/models/sql/query.py", line 638, in get_aggregation
    result = compiler.execute_sql(SINGLE)
             ^^^^^^^^^^^^^^^^^^^^^^^^^^^^
  File "/home/danilobo/Home_inventory/py_home/lib/python3.12/site-packages/django/db/models/sql/compiler.py", line 1624, in execute_sql
    cursor.execute(sql, params)
  File "/home/danilobo/Home_inventory/py_home/lib/python3.12/site-packages/django/db/backends/utils.py", line 122, in execute
    return super().execute(sql, params)
           ^^^^^^^^^^^^^^^^^^^^^^^^^^^^
  File "/home/danilobo/Home_inventory/py_home/lib/python3.12/site-packages/django/db/backends/utils.py", line 79, in execute
    return self._execute_with_wrappers(
           ^^^^^^^^^^^^^^^^^^^^^^^^^^^^
  File "/home/danilobo/Home_inventory/py_home/lib/python3.12/site-packages/django/db/backends/utils.py", line 92, in _execute_with_wrappers
    return executor(sql, params, many, context)
           ^^^^^^^^^^^^^^^^^^^^^^^^^^^^^^^^^^^^
  File "/home/danilobo/Home_inventory/py_home/lib/python3.12/site-packages/django/db/backends/utils.py", line 100, in _execute
    with self.db.wrap_database_errors:
  File "/home/danilobo/Home_inventory/py_home/lib/python3.12/site-packages/django/db/utils.py", line 94, in __exit__
    raise dj_exc_value.with_traceback(traceback) from exc_value
  File "/home/danilobo/Home_inventory/py_home/lib/python3.12/site-packages/django/db/backends/utils.py", line 105, in _execute
    return self.cursor.execute(sql, params)
           ^^^^^^^^^^^^^^^^^^^^^^^^^^^^^^^^
  File "/home/danilobo/Home_inventory/py_home/lib/python3.12/site-packages/django/db/backends/mysql/base.py", line 78, in execute
    return self.cursor.execute(query, args)
           ^^^^^^^^^^^^^^^^^^^^^^^^^^^^^^^^
  File "/home/danilobo/Home_inventory/py_home/lib/python3.12/site-packages/MySQLdb/cursors.py", line 179, in execute
    res = self._query(mogrified_query)
          ^^^^^^^^^^^^^^^^^^^^^^^^^^^^
  File "/home/danilobo/Home_inventory/py_home/lib/python3.12/site-packages/MySQLdb/cursors.py", line 330, in _query
    db.query(q)
  File "/home/danilobo/Home_inventory/py_home/lib/python3.12/site-packages/MySQLdb/connections.py", line 286, in query
    _mysql.connection.query(self, query)
django.db.utils.ProgrammingError: (1146, "Table 'casa_inventory.inventory_item' doesn't exist")
ERROR 2026-07-06 17:03:44,259 log 133375 136028325148352 "GET /itens/ HTTP/1.1" 500 164996
INFO 2026-07-06 17:05:22,458 autoreload 133771 132594829443200 Watching for file changes with StatReloader
INFO 2026-07-06 17:05:53,916 log 133771 132594748356288 "GET / HTTP/1.1" 200 2642
INFO 2026-07-06 17:05:53,951 log 133771 132594748356288 "GET /static/inventory/css/ui-revamp.css HTTP/1.1" 200 3528
WARNING 2026-07-06 17:05:54,168 log 133771 132594748356288 Not Found: /favicon.ico
WARNING 2026-07-06 17:05:54,168 log 133771 132594748356288 "GET /favicon.ico HTTP/1.1" 404 8116
INFO 2026-07-06 17:05:56,319 log 133771 132594748356288 "GET /itens/ HTTP/1.1" 200 5809
INFO 2026-07-06 17:05:56,343 log 133771 132594748356288 "GET /static/inventory/js/barcode_scanner.js HTTP/1.1" 200 1805
INFO 2026-07-06 17:05:58,127 log 133771 132594748356288 "GET / HTTP/1.1" 200 2642
INFO 2026-07-06 17:05:58,738 log 133771 132594748356288 "GET /desejos/ HTTP/1.1" 200 4859
INFO 2026-07-06 17:06:00,051 log 133771 132594748356288 "GET / HTTP/1.1" 200 2642
INFO 2026-07-06 17:06:01,197 log 133771 132594748356288 "GET /lista-compras/ HTTP/1.1" 200 2754
INFO 2026-07-06 17:06:03,135 log 133771 132594748356288 "GET / HTTP/1.1" 200 2642
INFO 2026-07-06 17:06:21,871 autoreload 134061 124629336932480 Watching for file changes with StatReloader
INFO 2026-07-06 17:06:42,652 log 134061 124629256500928 "GET / HTTP/1.1" 200 2642
INFO 2026-07-06 17:08:05,761 autoreload 134061 124629336932480 /home/danilobo/Home_inventory/casa/inventory/urls.py changed, reloading.
INFO 2026-07-06 17:08:05,956 autoreload 134349 130056308580480 Watching for file changes with StatReloader
INFO 2026-07-06 17:09:32,683 autoreload 134349 130056308580480 /home/danilobo/Home_inventory/casa/inventory/models.py changed, reloading.
INFO 2026-07-06 17:09:32,881 autoreload 134576 139657107767424 Watching for file changes with StatReloader
INFO 2026-07-06 17:09:42,061 autoreload 134576 139657107767424 /home/danilobo/Home_inventory/casa/inventory/admin.py changed, reloading.
INFO 2026-07-06 17:09:42,238 autoreload 134593 136502463885440 Watching for file changes with StatReloader
INFO 2026-07-06 17:10:17,568 autoreload 134593 136502463885440 /home/danilobo/Home_inventory/casa/inventory/views_api.py changed, reloading.
INFO 2026-07-06 17:10:17,754 autoreload 134639 126442705318016 Watching for file changes with StatReloader
INFO 2026-07-06 17:10:36,970 autoreload 134639 126442705318016 /home/danilobo/Home_inventory/casa/inventory/views.py changed, reloading.
INFO 2026-07-06 17:10:37,144 autoreload 134668 130847968583808 Watching for file changes with StatReloader
INFO 2026-07-06 17:11:31,634 autoreload 134668 130847968583808 /home/danilobo/Home_inventory/casa/inventory/views.py changed, reloading.
INFO 2026-07-06 17:11:31,820 autoreload 135124 140318601822336 Watching for file changes with StatReloader
WARNING 2026-07-06 17:11:53,295 log 135188 139429227565184 Forbidden: /api/divisoes/
INFO 2026-07-06 17:15:50,789 autoreload 135770 124204621951104 Watching for file changes with StatReloader
INFO 2026-07-06 17:16:06,029 log 135770 124204474169024 "GET / HTTP/1.1" 200 1961
INFO 2026-07-06 17:16:06,060 log 135770 124204474169024 "GET /static/inventory/css/ui-revamp.css HTTP/1.1" 304 0
INFO 2026-07-06 17:16:06,243 log 135770 124204474169024 "GET / HTTP/1.1" 200 1961
INFO 2026-07-06 17:16:09,003 log 135770 124204474169024 "GET /itens/ HTTP/1.1" 200 5809
INFO 2026-07-06 17:16:09,021 log 135770 124204474169024 "GET /static/inventory/js/barcode_scanner.js HTTP/1.1" 304 0
INFO 2026-07-06 17:16:10,587 log 135770 124204474169024 "GET /desejos/ HTTP/1.1" 200 4859
INFO 2026-07-06 17:16:12,389 log 135770 124204474169024 "GET /gastos/ HTTP/1.1" 200 3016
INFO 2026-08-19 15:28:26,860 autoreload 1030839 135940441587840 Watching for file changes with StatReloader
INFO 2026-08-19 15:29:31,538 autoreload 1031198 132935329992832 Watching for file changes with StatReloader
INFO 2026-08-19 15:30:35,836 autoreload 1031542 123408468635776 Watching for file changes with StatReloader
INFO 2026-08-19 15:31:17,242 autoreload 1031748 129400943816832 Watching for file changes with StatReloader
INFO 2026-08-19 15:31:21,441 log 1031748 129400871843520 "GET / HTTP/1.1" 200 1961
INFO 2026-08-19 15:31:21,587 log 1031748 129400871843520 "GET /static/inventory/css/ui-revamp.css HTTP/1.1" 200 3528
WARNING 2026-08-19 15:31:21,795 log 1031748 129400871843520 Not Found: /favicon.ico
WARNING 2026-08-19 15:31:21,796 log 1031748 129400871843520 "GET /favicon.ico HTTP/1.1" 404 5602
INFO 2026-08-19 15:31:23,007 log 1031748 129400871843520 "GET /itens/ HTTP/1.1" 200 5809
INFO 2026-08-19 15:31:23,053 log 1031748 129400871843520 "GET /static/inventory/js/barcode_scanner.js HTTP/1.1" 200 1805
INFO 2026-08-19 15:31:26,405 log 1031748 129400871843520 "GET / HTTP/1.1" 200 1961
INFO 2026-08-19 15:31:27,157 log 1031748 129400871843520 "GET /desejos/ HTTP/1.1" 200 4859
INFO 2026-08-19 15:31:28,825 log 1031748 129400871843520 "GET / HTTP/1.1" 200 1961
INFO 2026-08-19 15:31:29,584 log 1031748 129400871843520 "GET /gastos/ HTTP/1.1" 200 3016
INFO 2026-08-19 15:31:31,262 log 1031748 129400871843520 "GET / HTTP/1.1" 200 1961
INFO 2026-08-19 15:32:45,843 autoreload 1031748 129400943816832 /home/danilobo/Home_inventory/casa/settings.py changed, reloading.
INFO 2026-08-19 15:32:46,414 autoreload 1032606 134041346613376 Watching for file changes with StatReloader
WARNING 2026-08-19 15:32:50,339 log 1032652 130168511426688 Forbidden: /api/divisoes/
INFO 2026-08-19 15:33:05,962 autoreload 1032606 134041346613376 /home/danilobo/Home_inventory/casa/inventory/models.py changed, reloading.
INFO 2026-08-19 15:33:06,396 autoreload 1032717 125893724663936 Watching for file changes with StatReloader
WARNING 2026-08-19 15:33:09,562 log 1032719 127409654935680 Unauthorized: /api/divisoes/
WARNING 2026-08-19 15:33:22,455 log 1032798 137106354389120 Unauthorized: /api/divisoes/
INFO 2026-08-19 15:33:38,077 autoreload 1032717 125893724663936 /home/danilobo/Home_inventory/casa/settings.py changed, reloading.
INFO 2026-08-19 15:33:38,524 autoreload 1032891 123594309828736 Watching for file changes with StatReloader
WARNING 2026-08-19 15:33:42,957 log 1032908 135355766042752 Unauthorized: /api/divisoes/
WARNING 2026-08-19 15:36:38,583 log 1033573 123517641506944 Unauthorized: /api/divisoes/
INFO 2026-08-19 15:56:34,501 log 1032891 123594237540032 "GET /itens/ HTTP/1.1" 200 5809
INFO 2026-08-19 15:56:36,479 log 1032891 123594237540032 "GET / HTTP/1.1" 200 1961
INFO 2026-08-19 15:56:37,221 log 1032891 123594237540032 "GET /gastos/ HTTP/1.1" 200 3016
INFO 2026-08-19 15:56:38,478 log 1032891 123594237540032 "GET / HTTP/1.1" 200 1961
INFO 2026-08-19 15:56:39,047 log 1032891 123594237540032 "GET /desejos/ HTTP/1.1" 200 5408
INFO 2026-08-19 15:56:40,405 log 1032891 123594237540032 "GET / HTTP/1.1" 200 1961
INFO 2026-08-19 15:56:47,094 log 1032891 123594237540032 "GET /itens/ HTTP/1.1" 200 5809
INFO 2026-08-19 15:56:49,638 log 1032891 123594237540032 "GET / HTTP/1.1" 200 1961
INFO 2026-08-19 15:56:58,952 log 1032891 123594237540032 "GET /desejos/ HTTP/1.1" 200 5408
INFO 2026-08-19 15:57:04,992 log 1032891 123594237540032 "GET / HTTP/1.1" 200 1961
INFO 2026-08-19 15:57:06,070 log 1032891 123594237540032 "GET /itens/ HTTP/1.1" 200 5809
INFO 2026-08-19 15:57:07,492 log 1032891 123594237540032 "GET / HTTP/1.1" 200 1961
INFO 2026-08-19 15:58:36,698 log 1032891 123594237540032 "GET / HTTP/1.1" 200 1961
INFO 2026-08-19 15:58:38,447 autoreload 1032891 123594309828736 /home/danilobo/Home_inventory/casa/inventory/views.py changed, reloading.
INFO 2026-08-19 15:58:38,914 autoreload 1036151 127142280171648 Watching for file changes with StatReloader
WARNING 2026-08-19 15:58:47,135 log 1036196 133899579101312 Unauthorized: /api/divisoes/
INFO 2026-08-19 15:58:54,083 log 1036151 127142207682240 "GET / HTTP/1.1" 200 1961
INFO 2026-08-19 15:59:05,044 log 1036151 127142207682240 "GET / HTTP/1.1" 200 1961
INFO 2026-08-19 15:59:06,363 log 1036151 127142207682240 "GET /itens/ HTTP/1.1" 200 8536
INFO 2026-08-19 15:59:08,596 log 1036151 127142207682240 "GET / HTTP/1.1" 200 1961
WARNING 2026-08-19 15:59:08,979 log 1036304 138825045835904 Unauthorized: /api/divisoes/
INFO 2026-08-19 15:59:09,305 log 1036151 127142207682240 "GET /desejos/ HTTP/1.1" 200 4859
INFO 2026-08-19 15:59:11,055 log 1036151 127142207682240 "GET / HTTP/1.1" 200 1961
INFO 2026-08-19 15:59:11,960 log 1036151 127142207682240 "GET /itens/ HTTP/1.1" 200 8536
INFO 2026-08-19 16:00:14,983 log 1036151 127142207682240 "GET / HTTP/1.1" 200 1961
INFO 2026-08-19 16:00:15,812 log 1036151 127142207682240 "GET / HTTP/1.1" 200 1961
INFO 2026-08-19 16:00:16,433 log 1036151 127142207682240 "GET / HTTP/1.1" 200 1961
WARNING 2026-08-19 16:00:16,928 log 1036479 123595021025408 Unauthorized: /api/divisoes/
INFO 2026-08-19 16:00:16,994 log 1036151 127142207682240 "GET / HTTP/1.1" 200 1961
INFO 2026-08-19 16:00:17,780 log 1036151 127142207682240 "GET / HTTP/1.1" 200 1961
INFO 2026-08-19 16:00:20,600 log 1036151 127142207682240 "GET / HTTP/1.1" 200 1961
INFO 2026-08-19 16:00:21,494 log 1036151 127142207682240 "GET / HTTP/1.1" 200 1961
INFO 2026-08-19 16:00:22,034 log 1036151 127142207682240 "GET / HTTP/1.1" 200 1961
INFO 2026-08-19 16:00:27,650 log 1036151 127142207682240 "GET / HTTP/1.1" 200 1961
INFO 2026-08-19 16:00:28,228 log 1036151 127142207682240 "GET / HTTP/1.1" 200 1961
INFO 2026-08-19 16:00:28,910 log 1036151 127142207682240 "GET /itens/ HTTP/1.1" 200 8536
INFO 2026-08-19 16:00:36,649 log 1036151 127142207682240 "GET / HTTP/1.1" 200 1961
INFO 2026-08-19 16:00:43,362 log 1036151 127142207682240 "GET /desejos/ HTTP/1.1" 200 4859
INFO 2026-08-19 16:01:11,958 log 1036151 127142207682240 "GET / HTTP/1.1" 200 1646
INFO 2026-08-19 16:02:45,866 log 1036151 127142207682240 "GET / HTTP/1.1" 200 3950
WARNING 2026-08-19 16:02:49,026 log 1036783 123313280827520 Unauthorized: /api/divisoes/
INFO 2026-08-19 16:02:49,695 log 1036151 127142207682240 "GET / HTTP/1.1" 200 3950
INFO 2026-08-19 16:03:05,773 log 1036151 127142207682240 "GET /itens/ HTTP/1.1" 200 8536
INFO 2026-08-19 16:03:07,047 log 1036151 127142207682240 "GET / HTTP/1.1" 200 3950
INFO 2026-08-19 16:03:50,846 log 1036151 127142207682240 "GET / HTTP/1.1" 200 3950
INFO 2026-08-19 16:03:51,459 log 1036151 127142207682240 "GET / HTTP/1.1" 200 3950
INFO 2026-08-19 16:03:52,053 log 1036151 127142207682240 "GET / HTTP/1.1" 200 3950
INFO 2026-08-19 16:03:54,266 log 1036151 127142207682240 "GET / HTTP/1.1" 200 3950
INFO 2026-08-19 16:03:59,157 log 1036151 127142207682240 "GET / HTTP/1.1" 200 3950
INFO 2026-08-19 16:03:59,802 log 1036151 127142207682240 "GET / HTTP/1.1" 200 3950
INFO 2026-08-19 16:04:02,276 log 1036151 127142207682240 "GET / HTTP/1.1" 200 3950
WARNING 2026-08-19 16:04:05,801 log 1037014 131406556356736 Unauthorized: /api/divisoes/
INFO 2026-08-19 16:05:40,327 autoreload 1037401 140518962933888 Watching for file changes with StatReloader
INFO 2026-08-19 16:05:46,590 log 1037401 140518890665664 "GET / HTTP/1.1" 200 3950
INFO 2026-08-19 16:05:48,572 log 1037401 140518890665664 "GET / HTTP/1.1" 200 3950
INFO 2026-08-19 16:08:41,400 log 1037401 140518890665664 "GET / HTTP/1.1" 200 3950
INFO 2026-08-19 16:09:18,742 log 1037401 140518872831680 "GET / HTTP/1.1" 200 3950
INFO 2026-08-19 16:09:18,803 log 1037401 140518872831680 "GET /static/inventory/css/ui-revamp.css HTTP/1.1" 200 9783
WARNING 2026-08-19 16:09:19,294 log 1037401 140518872831680 Not Found: /favicon.ico
WARNING 2026-08-19 16:09:19,295 log 1037401 140518872831680 "GET /favicon.ico HTTP/1.1" 404 5602
INFO 2026-08-19 16:09:23,103 autoreload 1037401 140518962933888 /home/danilobo/Home_inventory/casa/urls.py changed, reloading.
INFO 2026-08-19 16:09:23,553 autoreload 1038136 130004406702208 Watching for file changes with StatReloader
INFO 2026-08-19 16:09:40,305 log 1038136 130004334671552 "GET /itens/ HTTP/1.1" 200 10244
INFO 2026-08-19 16:09:40,402 log 1038136 130004334671552 "GET /static/inventory/js/barcode_scanner.js HTTP/1.1" 200 1805
INFO 2026-08-19 16:09:50,519 log 1038136 130004334671552 "GET / HTTP/1.1" 200 3950
INFO 2026-08-19 16:09:50,619 log 1038136 130004334671552 "GET /static/inventory/css/ui-revamp.css HTTP/1.1" 304 0
INFO 2026-08-19 16:09:54,173 log 1038136 130004334671552 "GET /itens/ HTTP/1.1" 200 10244
INFO 2026-08-19 16:09:55,493 log 1038136 130004334671552 "GET / HTTP/1.1" 200 3950
WARNING 2026-08-19 16:10:32,132 log 1038820 126165527388288 Unauthorized: /api/divisoes/
INFO 2026-08-19 16:10:44,761 log 1038136 130004334671552 "GET / HTTP/1.1" 200 3950
INFO 2026-08-19 16:10:44,846 log 1038136 130004334671552 "GET /static/inventory/css/ui-revamp.css HTTP/1.1" 200 12830
WARNING 2026-08-19 16:11:29,728 log 1039149 124563138560128 Unauthorized: /api/divisoes/
INFO 2026-08-19 16:11:46,947 log 1038136 130004334671552 "GET / HTTP/1.1" 200 3849
INFO 2026-08-19 16:11:47,018 log 1038136 130004334671552 "GET /static/inventory/css/ui-revamp.css HTTP/1.1" 200 11772
INFO 2026-08-19 16:12:37,667 log 1038136 130004334671552 "GET / HTTP/1.1" 200 3849
INFO 2026-08-19 16:12:37,739 log 1038136 130004334671552 "GET /static/inventory/css/ui-revamp.css HTTP/1.1" 304 0
INFO 2026-08-19 16:12:46,817 autoreload 1038136 130004406702208 /home/danilobo/Home_inventory/casa/inventory/views.py changed, reloading.
INFO 2026-08-19 16:12:47,276 autoreload 1039483 139654806102144 Watching for file changes with StatReloader
INFO 2026-08-19 16:12:52,132 log 1039483 139654734018240 "GET / HTTP/1.1" 200 3965
INFO 2026-08-19 16:12:52,222 log 1039483 139654734018240 "GET /static/inventory/css/ui-revamp.css HTTP/1.1" 304 0
INFO 2026-08-19 16:12:52,814 log 1039483 139654734018240 "GET / HTTP/1.1" 200 3965
INFO 2026-08-19 16:12:53,802 log 1039483 139654734018240 "GET / HTTP/1.1" 200 3965
INFO 2026-08-19 16:12:55,275 log 1039483 139654734018240 "GET / HTTP/1.1" 200 3965
INFO 2026-08-19 16:12:57,869 log 1039483 139654734018240 "GET / HTTP/1.1" 200 3965
INFO 2026-08-19 16:13:09,897 autoreload 1039483 139654806102144 /home/danilobo/Home_inventory/casa/inventory/views.py changed, reloading.
INFO 2026-08-19 16:13:10,335 autoreload 1039502 128698875764864 Watching for file changes with StatReloader
WARNING 2026-08-19 16:13:26,072 log 1039624 137008228794496 Unauthorized: /api/divisoes/
INFO 2026-08-19 16:13:46,884 log 1039502 128698803025600 "GET / HTTP/1.1" 200 4210
INFO 2026-08-19 16:13:46,925 log 1039502 128698803025600 "GET /static/inventory/css/ui-revamp.css HTTP/1.1" 304 0
INFO 2026-08-19 16:14:25,699 autoreload 1039502 128698875764864 /home/danilobo/Home_inventory/casa/inventory/urls.py changed, reloading.
INFO 2026-08-19 16:14:26,154 autoreload 1039799 131073332973696 Watching for file changes with StatReloader
INFO 2026-08-19 16:14:56,176 log 1039799 131073260385984 "GET / HTTP/1.1" 200 4656
INFO 2026-08-19 16:14:56,276 log 1039799 131073260385984 "GET /static/inventory/css/ui-revamp.css HTTP/1.1" 200 12000
INFO 2026-08-19 16:15:02,978 autoreload 1039799 131073332973696 /home/danilobo/Home_inventory/casa/inventory/models.py changed, reloading.
INFO 2026-08-19 16:15:03,543 autoreload 1039934 137181095579776 Watching for file changes with StatReloader
INFO 2026-08-19 16:15:05,591 log 1039934 137181022648000 "GET / HTTP/1.1" 200 4656
INFO 2026-08-19 16:15:05,666 log 1039934 137181022648000 "GET /static/inventory/css/ui-revamp.css HTTP/1.1" 304 0
INFO 2026-08-19 16:15:13,995 autoreload 1039934 137181095579776 /home/danilobo/Home_inventory/casa/inventory/views.py changed, reloading.
INFO 2026-08-19 16:15:14,491 autoreload 1039954 126987868819584 Watching for file changes with StatReloader
INFO 2026-08-19 16:15:17,597 log 1039954 126987796477632 "GET / HTTP/1.1" 200 4656
INFO 2026-08-19 16:15:17,680 log 1039954 126987796477632 "GET /static/inventory/css/ui-revamp.css HTTP/1.1" 304 0
INFO 2026-08-19 16:15:20,371 log 1039954 126987796477632 "GET / HTTP/1.1" 200 4656
INFO 2026-08-19 16:15:25,144 log 1039954 126987796477632 "GET / HTTP/1.1" 200 4656
INFO 2026-08-19 16:15:25,225 log 1039954 126987796477632 "GET /static/inventory/css/ui-revamp.css HTTP/1.1" 304 0
WARNING 2026-08-19 16:15:26,847 log 1040051 136465412550784 Unauthorized: /api/divisoes/
INFO 2026-08-19 16:15:28,604 log 1039954 126987796477632 "GET / HTTP/1.1" 200 4656
ERROR 2026-08-19 16:15:29,741 log 1039954 126987796477632 Internal Server Error: /lista-compras/
Traceback (most recent call last):
  File "/home/danilobo/Home_inventory/py_home/lib/python3.12/site-packages/django/db/backends/utils.py", line 105, in _execute
    return self.cursor.execute(sql, params)
           ^^^^^^^^^^^^^^^^^^^^^^^^^^^^^^^^
  File "/home/danilobo/Home_inventory/py_home/lib/python3.12/site-packages/django/db/backends/mysql/base.py", line 78, in execute
    return self.cursor.execute(query, args)
           ^^^^^^^^^^^^^^^^^^^^^^^^^^^^^^^^
  File "/home/danilobo/Home_inventory/py_home/lib/python3.12/site-packages/MySQLdb/cursors.py", line 179, in execute
    res = self._query(mogrified_query)
          ^^^^^^^^^^^^^^^^^^^^^^^^^^^^
  File "/home/danilobo/Home_inventory/py_home/lib/python3.12/site-packages/MySQLdb/cursors.py", line 330, in _query
    db.query(q)
  File "/home/danilobo/Home_inventory/py_home/lib/python3.12/site-packages/MySQLdb/connections.py", line 286, in query
    _mysql.connection.query(self, query)
MySQLdb.ProgrammingError: (1146, "Table 'casa_inventory.inventory_consumivel' doesn't exist")

The above exception was the direct cause of the following exception:

Traceback (most recent call last):
  File "/home/danilobo/Home_inventory/py_home/lib/python3.12/site-packages/django/core/handlers/exception.py", line 55, in inner
    response = get_response(request)
               ^^^^^^^^^^^^^^^^^^^^^
  File "/home/danilobo/Home_inventory/py_home/lib/python3.12/site-packages/django/core/handlers/base.py", line 198, in _get_response
    response = wrapped_callback(request, *callback_args, **callback_kwargs)
               ^^^^^^^^^^^^^^^^^^^^^^^^^^^^^^^^^^^^^^^^^^^^^^^^^^^^^^^^^^^^
  File "/home/danilobo/Home_inventory/casa/inventory/views.py", line 179, in lista_compras
    "total_compras": compras.count(),
                     ^^^^^^^^^^^^^^^
  File "/home/danilobo/Home_inventory/py_home/lib/python3.12/site-packages/django/db/models/query.py", line 610, in count
    return self.query.get_count(using=self.db)
           ^^^^^^^^^^^^^^^^^^^^^^^^^^^^^^^^^^^
  File "/home/danilobo/Home_inventory/py_home/lib/python3.12/site-packages/django/db/models/sql/query.py", line 656, in get_count
    return obj.get_aggregation(using, {"__count": Count("*")})["__count"]
           ^^^^^^^^^^^^^^^^^^^^^^^^^^^^^^^^^^^^^^^^^^^^^^^^^^^
  File "/home/danilobo/Home_inventory/py_home/lib/python3.12/site-packages/django/db/models/sql/query.py", line 638, in get_aggregation
    result = compiler.execute_sql(SINGLE)
             ^^^^^^^^^^^^^^^^^^^^^^^^^^^^
  File "/home/danilobo/Home_inventory/py_home/lib/python3.12/site-packages/django/db/models/sql/compiler.py", line 1624, in execute_sql
    cursor.execute(sql, params)
  File "/home/danilobo/Home_inventory/py_home/lib/python3.12/site-packages/django/db/backends/utils.py", line 122, in execute
    return super().execute(sql, params)
           ^^^^^^^^^^^^^^^^^^^^^^^^^^^^
  File "/home/danilobo/Home_inventory/py_home/lib/python3.12/site-packages/django/db/backends/utils.py", line 79, in execute
    return self._execute_with_wrappers(
           ^^^^^^^^^^^^^^^^^^^^^^^^^^^^
  File "/home/danilobo/Home_inventory/py_home/lib/python3.12/site-packages/django/db/backends/utils.py", line 92, in _execute_with_wrappers
    return executor(sql, params, many, context)
           ^^^^^^^^^^^^^^^^^^^^^^^^^^^^^^^^^^^^
  File "/home/danilobo/Home_inventory/py_home/lib/python3.12/site-packages/django/db/backends/utils.py", line 100, in _execute
    with self.db.wrap_database_errors:
  File "/home/danilobo/Home_inventory/py_home/lib/python3.12/site-packages/django/db/utils.py", line 94, in __exit__
    raise dj_exc_value.with_traceback(traceback) from exc_value
  File "/home/danilobo/Home_inventory/py_home/lib/python3.12/site-packages/django/db/backends/utils.py", line 105, in _execute
    return self.cursor.execute(sql, params)
           ^^^^^^^^^^^^^^^^^^^^^^^^^^^^^^^^
  File "/home/danilobo/Home_inventory/py_home/lib/python3.12/site-packages/django/db/backends/mysql/base.py", line 78, in execute
    return self.cursor.execute(query, args)
           ^^^^^^^^^^^^^^^^^^^^^^^^^^^^^^^^
  File "/home/danilobo/Home_inventory/py_home/lib/python3.12/site-packages/MySQLdb/cursors.py", line 179, in execute
    res = self._query(mogrified_query)
          ^^^^^^^^^^^^^^^^^^^^^^^^^^^^
  File "/home/danilobo/Home_inventory/py_home/lib/python3.12/site-packages/MySQLdb/cursors.py", line 330, in _query
    db.query(q)
  File "/home/danilobo/Home_inventory/py_home/lib/python3.12/site-packages/MySQLdb/connections.py", line 286, in query
    _mysql.connection.query(self, query)
django.db.utils.ProgrammingError: (1146, "Table 'casa_inventory.inventory_consumivel' doesn't exist")
ERROR 2026-08-19 16:15:29,745 log 1039954 126987796477632 "GET /lista-compras/ HTTP/1.1" 500 165205
ERROR 2026-08-19 16:15:39,090 log 1039954 126987796477632 Internal Server Error: /lista-compras/
Traceback (most recent call last):
  File "/home/danilobo/Home_inventory/py_home/lib/python3.12/site-packages/django/db/backends/utils.py", line 105, in _execute
    return self.cursor.execute(sql, params)
           ^^^^^^^^^^^^^^^^^^^^^^^^^^^^^^^^
  File "/home/danilobo/Home_inventory/py_home/lib/python3.12/site-packages/django/db/backends/mysql/base.py", line 78, in execute
    return self.cursor.execute(query, args)
           ^^^^^^^^^^^^^^^^^^^^^^^^^^^^^^^^
  File "/home/danilobo/Home_inventory/py_home/lib/python3.12/site-packages/MySQLdb/cursors.py", line 179, in execute
    res = self._query(mogrified_query)
          ^^^^^^^^^^^^^^^^^^^^^^^^^^^^
  File "/home/danilobo/Home_inventory/py_home/lib/python3.12/site-packages/MySQLdb/cursors.py", line 330, in _query
    db.query(q)
  File "/home/danilobo/Home_inventory/py_home/lib/python3.12/site-packages/MySQLdb/connections.py", line 286, in query
    _mysql.connection.query(self, query)
MySQLdb.ProgrammingError: (1146, "Table 'casa_inventory.inventory_consumivel' doesn't exist")

The above exception was the direct cause of the following exception:

Traceback (most recent call last):
  File "/home/danilobo/Home_inventory/py_home/lib/python3.12/site-packages/django/core/handlers/exception.py", line 55, in inner
    response = get_response(request)
               ^^^^^^^^^^^^^^^^^^^^^
  File "/home/danilobo/Home_inventory/py_home/lib/python3.12/site-packages/django/core/handlers/base.py", line 198, in _get_response
    response = wrapped_callback(request, *callback_args, **callback_kwargs)
               ^^^^^^^^^^^^^^^^^^^^^^^^^^^^^^^^^^^^^^^^^^^^^^^^^^^^^^^^^^^^
  File "/home/danilobo/Home_inventory/casa/inventory/views.py", line 179, in lista_compras
    "total_compras": compras.count(),
                     ^^^^^^^^^^^^^^^
  File "/home/danilobo/Home_inventory/py_home/lib/python3.12/site-packages/django/db/models/query.py", line 610, in count
    return self.query.get_count(using=self.db)
           ^^^^^^^^^^^^^^^^^^^^^^^^^^^^^^^^^^^
  File "/home/danilobo/Home_inventory/py_home/lib/python3.12/site-packages/django/db/models/sql/query.py", line 656, in get_count
    return obj.get_aggregation(using, {"__count": Count("*")})["__count"]
           ^^^^^^^^^^^^^^^^^^^^^^^^^^^^^^^^^^^^^^^^^^^^^^^^^^^
  File "/home/danilobo/Home_inventory/py_home/lib/python3.12/site-packages/django/db/models/sql/query.py", line 638, in get_aggregation
    result = compiler.execute_sql(SINGLE)
             ^^^^^^^^^^^^^^^^^^^^^^^^^^^^
  File "/home/danilobo/Home_inventory/py_home/lib/python3.12/site-packages/django/db/models/sql/compiler.py", line 1624, in execute_sql
    cursor.execute(sql, params)
  File "/home/danilobo/Home_inventory/py_home/lib/python3.12/site-packages/django/db/backends/utils.py", line 122, in execute
    return super().execute(sql, params)
           ^^^^^^^^^^^^^^^^^^^^^^^^^^^^
  File "/home/danilobo/Home_inventory/py_home/lib/python3.12/site-packages/django/db/backends/utils.py", line 79, in execute
    return self._execute_with_wrappers(
           ^^^^^^^^^^^^^^^^^^^^^^^^^^^^
  File "/home/danilobo/Home_inventory/py_home/lib/python3.12/site-packages/django/db/backends/utils.py", line 92, in _execute_with_wrappers
    return executor(sql, params, many, context)
           ^^^^^^^^^^^^^^^^^^^^^^^^^^^^^^^^^^^^
  File "/home/danilobo/Home_inventory/py_home/lib/python3.12/site-packages/django/db/backends/utils.py", line 100, in _execute
    with self.db.wrap_database_errors:
  File "/home/danilobo/Home_inventory/py_home/lib/python3.12/site-packages/django/db/utils.py", line 94, in __exit__
    raise dj_exc_value.with_traceback(traceback) from exc_value
  File "/home/danilobo/Home_inventory/py_home/lib/python3.12/site-packages/django/db/backends/utils.py", line 105, in _execute
    return self.cursor.execute(sql, params)
           ^^^^^^^^^^^^^^^^^^^^^^^^^^^^^^^^
  File "/home/danilobo/Home_inventory/py_home/lib/python3.12/site-packages/django/db/backends/mysql/base.py", line 78, in execute
    return self.cursor.execute(query, args)
           ^^^^^^^^^^^^^^^^^^^^^^^^^^^^^^^^
  File "/home/danilobo/Home_inventory/py_home/lib/python3.12/site-packages/MySQLdb/cursors.py", line 179, in execute
    res = self._query(mogrified_query)
          ^^^^^^^^^^^^^^^^^^^^^^^^^^^^
  File "/home/danilobo/Home_inventory/py_home/lib/python3.12/site-packages/MySQLdb/cursors.py", line 330, in _query
    db.query(q)
  File "/home/danilobo/Home_inventory/py_home/lib/python3.12/site-packages/MySQLdb/connections.py", line 286, in query
    _mysql.connection.query(self, query)
django.db.utils.ProgrammingError: (1146, "Table 'casa_inventory.inventory_consumivel' doesn't exist")
ERROR 2026-08-19 16:15:39,093 log 1039954 126987796477632 "GET /lista-compras/ HTTP/1.1" 500 165342
INFO 2026-08-19 16:15:55,559 log 1039954 126987796477632 "GET / HTTP/1.1" 200 4656
INFO 2026-08-19 16:15:55,634 log 1039954 126987796477632 "GET /static/inventory/css/ui-revamp.css HTTP/1.1" 304 0
INFO 2026-08-19 16:15:56,517 log 1039954 126987796477632 "GET /lista-compras/ HTTP/1.1" 200 6594
WARNING 2026-08-19 16:16:03,201 log 1040418 132725618626688 Unauthorized: /api/divisoes/
INFO 2026-08-19 16:16:57,311 autoreload 1039954 126987868819584 /home/danilobo/Home_inventory/casa/inventory/models.py changed, reloading.
INFO 2026-08-19 16:16:57,795 autoreload 1040585 128523839553664 Watching for file changes with StatReloader
WARNING 2026-08-19 16:17:19,403 log 1040765 138317373558912 Unauthorized: /api/divisoes/
INFO 2026-08-19 16:17:27,696 log 1040585 128523767379648 "GET /lista-compras/ HTTP/1.1" 200 6082
INFO 2026-08-19 16:17:27,801 log 1040585 128523767379648 "GET /static/inventory/css/ui-revamp.css HTTP/1.1" 304 0
INFO 2026-08-19 16:17:34,258 log 1040585 128523767379648 "GET /lista-compras/ HTTP/1.1" 200 6082
INFO 2026-08-19 16:18:49,999 log 1040585 128523767379648 "GET /itens/ HTTP/1.1" 200 9077
INFO 2026-08-19 16:18:50,096 log 1040585 128523767379648 "GET /static/inventory/css/ui-revamp.css HTTP/1.1" 304 0
INFO 2026-08-19 16:18:53,863 log 1040585 128523767379648 "GET /lista-compras/ HTTP/1.1" 200 6647
INFO 2026-08-19 16:18:56,659 log 1040585 128523767379648 "GET / HTTP/1.1" 200 4656
INFO 2026-08-19 16:18:58,710 log 1040585 128523767379648 "GET /lista-compras/ HTTP/1.1" 200 6647
WARNING 2026-08-19 16:18:59,757 log 1041178 130807387873408 Unauthorized: /api/divisoes/
INFO 2026-08-19 16:19:09,804 log 1040585 128523767379648 "GET /itens/ HTTP/1.1" 200 9077
INFO 2026-08-19 16:19:15,504 log 1040585 128523767379648 "GET /lista-compras/ HTTP/1.1" 200 6647
INFO 2026-08-19 16:19:15,572 log 1040585 128523767379648 "GET /static/inventory/css/ui-revamp.css HTTP/1.1" 304 0
INFO 2026-08-19 16:19:16,619 log 1040585 128523767379648 "GET /lista-compras/?q=&divisao= HTTP/1.1" 200 6647
INFO 2026-08-19 16:19:24,514 log 1040585 128523767379648 "POST /lista-compras/?q=&divisao= HTTP/1.1" 302 0
INFO 2026-08-19 16:19:24,530 log 1040585 128523767379648 "GET /lista-compras/ HTTP/1.1" 200 8280
INFO 2026-08-19 16:20:14,982 autoreload 1040585 128523839553664 /home/danilobo/Home_inventory/casa/inventory/urls.py changed, reloading.
INFO 2026-08-19 16:20:15,444 autoreload 1041309 126598834630784 Watching for file changes with StatReloader
ERROR 2026-08-19 16:20:23,507 log 1041309 126598762198720 Internal Server Error: /lista-compras/
Traceback (most recent call last):
  File "/home/danilobo/Home_inventory/py_home/lib/python3.12/site-packages/django/db/backends/utils.py", line 105, in _execute
    return self.cursor.execute(sql, params)
           ^^^^^^^^^^^^^^^^^^^^^^^^^^^^^^^^
  File "/home/danilobo/Home_inventory/py_home/lib/python3.12/site-packages/django/db/backends/mysql/base.py", line 78, in execute
    return self.cursor.execute(query, args)
           ^^^^^^^^^^^^^^^^^^^^^^^^^^^^^^^^
  File "/home/danilobo/Home_inventory/py_home/lib/python3.12/site-packages/MySQLdb/cursors.py", line 179, in execute
    res = self._query(mogrified_query)
          ^^^^^^^^^^^^^^^^^^^^^^^^^^^^
  File "/home/danilobo/Home_inventory/py_home/lib/python3.12/site-packages/MySQLdb/cursors.py", line 330, in _query
    db.query(q)
  File "/home/danilobo/Home_inventory/py_home/lib/python3.12/site-packages/MySQLdb/connections.py", line 286, in query
    _mysql.connection.query(self, query)
MySQLdb.OperationalError: (1054, "Unknown column 'inventory_consumivel.comprado' in 'SELECT'")

The above exception was the direct cause of the following exception:

Traceback (most recent call last):
  File "/home/danilobo/Home_inventory/py_home/lib/python3.12/site-packages/django/core/handlers/exception.py", line 55, in inner
    response = get_response(request)
               ^^^^^^^^^^^^^^^^^^^^^
  File "/home/danilobo/Home_inventory/py_home/lib/python3.12/site-packages/django/core/handlers/base.py", line 198, in _get_response
    response = wrapped_callback(request, *callback_args, **callback_kwargs)
               ^^^^^^^^^^^^^^^^^^^^^^^^^^^^^^^^^^^^^^^^^^^^^^^^^^^^^^^^^^^^
  File "/home/danilobo/Home_inventory/casa/inventory/views.py", line 170, in lista_compras
    return render(
           ^^^^^^^
  File "/home/danilobo/Home_inventory/py_home/lib/python3.12/site-packages/django/shortcuts.py", line 25, in render
    content = loader.render_to_string(template_name, context, request, using=using)
              ^^^^^^^^^^^^^^^^^^^^^^^^^^^^^^^^^^^^^^^^^^^^^^^^^^^^^^^^^^^^^^^^^^^^^
  File "/home/danilobo/Home_inventory/py_home/lib/python3.12/site-packages/django/template/loader.py", line 62, in render_to_string
    return template.render(context, request)
           ^^^^^^^^^^^^^^^^^^^^^^^^^^^^^^^^^
  File "/home/danilobo/Home_inventory/py_home/lib/python3.12/site-packages/django/template/backends/django.py", line 107, in render
    return self.template.render(context)
           ^^^^^^^^^^^^^^^^^^^^^^^^^^^^^
  File "/home/danilobo/Home_inventory/py_home/lib/python3.12/site-packages/django/template/base.py", line 174, in render
    return self._render(context)
           ^^^^^^^^^^^^^^^^^^^^^
  File "/home/danilobo/Home_inventory/py_home/lib/python3.12/site-packages/django/template/base.py", line 166, in _render
    return self.nodelist.render(context)
           ^^^^^^^^^^^^^^^^^^^^^^^^^^^^^
  File "/home/danilobo/Home_inventory/py_home/lib/python3.12/site-packages/django/template/base.py", line 1091, in render
    return SafeString("".join([node.render_annotated(context) for node in self]))
                               ^^^^^^^^^^^^^^^^^^^^^^^^^^^^^^
  File "/home/danilobo/Home_inventory/py_home/lib/python3.12/site-packages/django/template/base.py", line 1052, in render_annotated
    return self.render(context)
           ^^^^^^^^^^^^^^^^^^^^
  File "/home/danilobo/Home_inventory/py_home/lib/python3.12/site-packages/django/template/defaulttags.py", line 202, in render
    len_values = len(values)
                 ^^^^^^^^^^^
  File "/home/danilobo/Home_inventory/py_home/lib/python3.12/site-packages/django/db/models/query.py", line 372, in __len__
    self._fetch_all()
  File "/home/danilobo/Home_inventory/py_home/lib/python3.12/site-packages/django/db/models/query.py", line 2000, in _fetch_all
    self._result_cache = list(self._iterable_class(self))
                         ^^^^^^^^^^^^^^^^^^^^^^^^^^^^^^^^
  File "/home/danilobo/Home_inventory/py_home/lib/python3.12/site-packages/django/db/models/query.py", line 95, in __iter__
    results = compiler.execute_sql(
              ^^^^^^^^^^^^^^^^^^^^^
  File "/home/danilobo/Home_inventory/py_home/lib/python3.12/site-packages/django/db/models/sql/compiler.py", line 1624, in execute_sql
    cursor.execute(sql, params)
  File "/home/danilobo/Home_inventory/py_home/lib/python3.12/site-packages/django/db/backends/utils.py", line 122, in execute
    return super().execute(sql, params)
           ^^^^^^^^^^^^^^^^^^^^^^^^^^^^
  File "/home/danilobo/Home_inventory/py_home/lib/python3.12/site-packages/django/db/backends/utils.py", line 79, in execute
    return self._execute_with_wrappers(
           ^^^^^^^^^^^^^^^^^^^^^^^^^^^^
  File "/home/danilobo/Home_inventory/py_home/lib/python3.12/site-packages/django/db/backends/utils.py", line 92, in _execute_with_wrappers
    return executor(sql, params, many, context)
           ^^^^^^^^^^^^^^^^^^^^^^^^^^^^^^^^^^^^
  File "/home/danilobo/Home_inventory/py_home/lib/python3.12/site-packages/django/db/backends/utils.py", line 100, in _execute
    with self.db.wrap_database_errors:
  File "/home/danilobo/Home_inventory/py_home/lib/python3.12/site-packages/django/db/utils.py", line 94, in __exit__
    raise dj_exc_value.with_traceback(traceback) from exc_value
  File "/home/danilobo/Home_inventory/py_home/lib/python3.12/site-packages/django/db/backends/utils.py", line 105, in _execute
    return self.cursor.execute(sql, params)
           ^^^^^^^^^^^^^^^^^^^^^^^^^^^^^^^^
  File "/home/danilobo/Home_inventory/py_home/lib/python3.12/site-packages/django/db/backends/mysql/base.py", line 78, in execute
    return self.cursor.execute(query, args)
           ^^^^^^^^^^^^^^^^^^^^^^^^^^^^^^^^
  File "/home/danilobo/Home_inventory/py_home/lib/python3.12/site-packages/MySQLdb/cursors.py", line 179, in execute
    res = self._query(mogrified_query)
          ^^^^^^^^^^^^^^^^^^^^^^^^^^^^
  File "/home/danilobo/Home_inventory/py_home/lib/python3.12/site-packages/MySQLdb/cursors.py", line 330, in _query
    db.query(q)
  File "/home/danilobo/Home_inventory/py_home/lib/python3.12/site-packages/MySQLdb/connections.py", line 286, in query
    _mysql.connection.query(self, query)
django.db.utils.OperationalError: (1054, "Unknown column 'inventory_consumivel.comprado' in 'SELECT'")
ERROR 2026-08-19 16:20:23,516 log 1041309 126598762198720 "GET /lista-compras/ HTTP/1.1" 500 209406
ERROR 2026-08-19 16:20:24,926 log 1041309 126598762198720 Internal Server Error: /lista-compras/
Traceback (most recent call last):
  File "/home/danilobo/Home_inventory/py_home/lib/python3.12/site-packages/django/db/backends/utils.py", line 105, in _execute
    return self.cursor.execute(sql, params)
           ^^^^^^^^^^^^^^^^^^^^^^^^^^^^^^^^
  File "/home/danilobo/Home_inventory/py_home/lib/python3.12/site-packages/django/db/backends/mysql/base.py", line 78, in execute
    return self.cursor.execute(query, args)
           ^^^^^^^^^^^^^^^^^^^^^^^^^^^^^^^^
  File "/home/danilobo/Home_inventory/py_home/lib/python3.12/site-packages/MySQLdb/cursors.py", line 179, in execute
    res = self._query(mogrified_query)
          ^^^^^^^^^^^^^^^^^^^^^^^^^^^^
  File "/home/danilobo/Home_inventory/py_home/lib/python3.12/site-packages/MySQLdb/cursors.py", line 330, in _query
    db.query(q)
  File "/home/danilobo/Home_inventory/py_home/lib/python3.12/site-packages/MySQLdb/connections.py", line 286, in query
    _mysql.connection.query(self, query)
MySQLdb.OperationalError: (1054, "Unknown column 'inventory_consumivel.comprado' in 'SELECT'")

The above exception was the direct cause of the following exception:

Traceback (most recent call last):
  File "/home/danilobo/Home_inventory/py_home/lib/python3.12/site-packages/django/core/handlers/exception.py", line 55, in inner
    response = get_response(request)
               ^^^^^^^^^^^^^^^^^^^^^
  File "/home/danilobo/Home_inventory/py_home/lib/python3.12/site-packages/django/core/handlers/base.py", line 198, in _get_response
    response = wrapped_callback(request, *callback_args, **callback_kwargs)
               ^^^^^^^^^^^^^^^^^^^^^^^^^^^^^^^^^^^^^^^^^^^^^^^^^^^^^^^^^^^^
  File "/home/danilobo/Home_inventory/casa/inventory/views.py", line 170, in lista_compras
    return render(
           ^^^^^^^
  File "/home/danilobo/Home_inventory/py_home/lib/python3.12/site-packages/django/shortcuts.py", line 25, in render
    content = loader.render_to_string(template_name, context, request, using=using)
              ^^^^^^^^^^^^^^^^^^^^^^^^^^^^^^^^^^^^^^^^^^^^^^^^^^^^^^^^^^^^^^^^^^^^^
  File "/home/danilobo/Home_inventory/py_home/lib/python3.12/site-packages/django/template/loader.py", line 62, in render_to_string
    return template.render(context, request)
           ^^^^^^^^^^^^^^^^^^^^^^^^^^^^^^^^^
  File "/home/danilobo/Home_inventory/py_home/lib/python3.12/site-packages/django/template/backends/django.py", line 107, in render
    return self.template.render(context)
           ^^^^^^^^^^^^^^^^^^^^^^^^^^^^^
  File "/home/danilobo/Home_inventory/py_home/lib/python3.12/site-packages/django/template/base.py", line 174, in render
    return self._render(context)
           ^^^^^^^^^^^^^^^^^^^^^
  File "/home/danilobo/Home_inventory/py_home/lib/python3.12/site-packages/django/template/base.py", line 166, in _render
    return self.nodelist.render(context)
           ^^^^^^^^^^^^^^^^^^^^^^^^^^^^^
  File "/home/danilobo/Home_inventory/py_home/lib/python3.12/site-packages/django/template/base.py", line 1091, in render
    return SafeString("".join([node.render_annotated(context) for node in self]))
                               ^^^^^^^^^^^^^^^^^^^^^^^^^^^^^^
  File "/home/danilobo/Home_inventory/py_home/lib/python3.12/site-packages/django/template/base.py", line 1052, in render_annotated
    return self.render(context)
           ^^^^^^^^^^^^^^^^^^^^
  File "/home/danilobo/Home_inventory/py_home/lib/python3.12/site-packages/django/template/defaulttags.py", line 202, in render
    len_values = len(values)
                 ^^^^^^^^^^^
  File "/home/danilobo/Home_inventory/py_home/lib/python3.12/site-packages/django/db/models/query.py", line 372, in __len__
    self._fetch_all()
  File "/home/danilobo/Home_inventory/py_home/lib/python3.12/site-packages/django/db/models/query.py", line 2000, in _fetch_all
    self._result_cache = list(self._iterable_class(self))
                         ^^^^^^^^^^^^^^^^^^^^^^^^^^^^^^^^
  File "/home/danilobo/Home_inventory/py_home/lib/python3.12/site-packages/django/db/models/query.py", line 95, in __iter__
    results = compiler.execute_sql(
              ^^^^^^^^^^^^^^^^^^^^^
  File "/home/danilobo/Home_inventory/py_home/lib/python3.12/site-packages/django/db/models/sql/compiler.py", line 1624, in execute_sql
    cursor.execute(sql, params)
  File "/home/danilobo/Home_inventory/py_home/lib/python3.12/site-packages/django/db/backends/utils.py", line 122, in execute
    return super().execute(sql, params)
           ^^^^^^^^^^^^^^^^^^^^^^^^^^^^
  File "/home/danilobo/Home_inventory/py_home/lib/python3.12/site-packages/django/db/backends/utils.py", line 79, in execute
    return self._execute_with_wrappers(
           ^^^^^^^^^^^^^^^^^^^^^^^^^^^^
  File "/home/danilobo/Home_inventory/py_home/lib/python3.12/site-packages/django/db/backends/utils.py", line 92, in _execute_with_wrappers
    return executor(sql, params, many, context)
           ^^^^^^^^^^^^^^^^^^^^^^^^^^^^^^^^^^^^
  File "/home/danilobo/Home_inventory/py_home/lib/python3.12/site-packages/django/db/backends/utils.py", line 100, in _execute
    with self.db.wrap_database_errors:
  File "/home/danilobo/Home_inventory/py_home/lib/python3.12/site-packages/django/db/utils.py", line 94, in __exit__
    raise dj_exc_value.with_traceback(traceback) from exc_value
  File "/home/danilobo/Home_inventory/py_home/lib/python3.12/site-packages/django/db/backends/utils.py", line 105, in _execute
    return self.cursor.execute(sql, params)
           ^^^^^^^^^^^^^^^^^^^^^^^^^^^^^^^^
  File "/home/danilobo/Home_inventory/py_home/lib/python3.12/site-packages/django/db/backends/mysql/base.py", line 78, in execute
    return self.cursor.execute(query, args)
           ^^^^^^^^^^^^^^^^^^^^^^^^^^^^^^^^
  File "/home/danilobo/Home_inventory/py_home/lib/python3.12/site-packages/MySQLdb/cursors.py", line 179, in execute
    res = self._query(mogrified_query)
          ^^^^^^^^^^^^^^^^^^^^^^^^^^^^
  File "/home/danilobo/Home_inventory/py_home/lib/python3.12/site-packages/MySQLdb/cursors.py", line 330, in _query
    db.query(q)
  File "/home/danilobo/Home_inventory/py_home/lib/python3.12/site-packages/MySQLdb/connections.py", line 286, in query
    _mysql.connection.query(self, query)
django.db.utils.OperationalError: (1054, "Unknown column 'inventory_consumivel.comprado' in 'SELECT'")
ERROR 2026-08-19 16:20:24,929 log 1041309 126598762198720 "GET /lista-compras/ HTTP/1.1" 500 209406
WARNING 2026-08-19 16:20:40,288 log 1041556 123383729016960 Unauthorized: /api/divisoes/
INFO 2026-08-19 16:20:55,263 log 1041309 126598762198720 "GET /lista-compras/ HTTP/1.1" 200 7465
INFO 2026-08-19 16:20:55,373 log 1041309 126598762198720 "GET /static/inventory/css/ui-revamp.css HTTP/1.1" 200 12150
INFO 2026-08-19 16:20:58,254 log 1041309 126598762198720 "POST /marcar-consumivel-comprado/1/ HTTP/1.1" 302 0
INFO 2026-08-19 16:20:58,276 log 1041309 126598762198720 "GET /lista-compras/ HTTP/1.1" 200 7471
INFO 2026-08-19 16:21:00,570 log 1041309 126598762198720 "POST /marcar-consumivel-comprado/1/ HTTP/1.1" 302 0
INFO 2026-08-19 16:21:00,586 log 1041309 126598762198720 "GET /lista-compras/ HTTP/1.1" 200 7465
INFO 2026-08-19 16:21:00,712 log 1041309 126598762198720 "GET /static/inventory/css/ui-revamp.css HTTP/1.1" 304 0
INFO 2026-08-19 16:21:02,671 log 1041309 126598762198720 "POST /marcar-consumivel-comprado/1/ HTTP/1.1" 302 0
INFO 2026-08-19 16:21:02,689 log 1041309 126598762198720 "GET /lista-compras/ HTTP/1.1" 200 7471
INFO 2026-08-19 16:21:03,834 log 1041309 126598762198720 "POST /marcar-consumivel-comprado/1/ HTTP/1.1" 302 0
INFO 2026-08-19 16:21:03,851 log 1041309 126598762198720 "GET /lista-compras/ HTTP/1.1" 200 7465
WARNING 2026-08-19 16:21:09,755 log 1041810 133051879641216 Unauthorized: /api/divisoes/
INFO 2026-08-19 16:21:44,089 autoreload 1041309 126598834630784 /home/danilobo/Home_inventory/casa/inventory/urls.py changed, reloading.
INFO 2026-08-19 16:21:44,534 autoreload 1041931 123933350895744 Watching for file changes with StatReloader
WARNING 2026-08-19 16:21:59,673 log 1042001 133939972165760 Unauthorized: /api/divisoes/
INFO 2026-08-19 16:22:25,483 log 1041931 123933278860992 "GET / HTTP/1.1" 200 5089
INFO 2026-08-19 16:22:25,549 log 1041931 123933278860992 "GET /static/inventory/css/ui-revamp.css HTTP/1.1" 304 0
INFO 2026-08-19 16:22:28,270 log 1041931 123933278860992 "GET /despensa/ HTTP/1.1" 200 5057
INFO 2026-08-19 16:22:29,989 log 1041931 123933278860992 "GET /lista-compras/ HTTP/1.1" 200 7597
INFO 2026-08-19 16:22:32,169 log 1041931 123933278860992 "POST /marcar-consumivel-comprado/1/ HTTP/1.1" 302 0
INFO 2026-08-19 16:22:32,184 log 1041931 123933278860992 "GET /lista-compras/ HTTP/1.1" 200 7603
INFO 2026-08-19 16:22:35,683 log 1041931 123933278860992 "GET /despensa/ HTTP/1.1" 200 5841
INFO 2026-08-19 16:22:38,890 log 1041931 123933278860992 "POST /marcar-consumivel-comprado/1/ HTTP/1.1" 302 0
INFO 2026-08-19 16:22:38,908 log 1041931 123933278860992 "GET /lista-compras/ HTTP/1.1" 200 7597
INFO 2026-08-19 16:22:39,019 log 1041931 123933278860992 "GET /static/inventory/css/ui-revamp.css HTTP/1.1" 304 0
INFO 2026-08-19 16:22:42,153 log 1041931 123933278860992 "GET /despensa/ HTTP/1.1" 200 5057
INFO 2026-08-19 16:22:44,986 log 1041931 123933278860992 "GET /lista-compras/ HTTP/1.1" 200 7597
INFO 2026-08-19 16:22:46,351 log 1041931 123933278860992 "POST /marcar-consumivel-comprado/1/ HTTP/1.1" 302 0
INFO 2026-08-19 16:22:46,365 log 1041931 123933278860992 "GET /lista-compras/ HTTP/1.1" 200 7603
INFO 2026-08-19 16:22:48,413 log 1041931 123933278860992 "GET /despensa/ HTTP/1.1" 200 5841
INFO 2026-08-19 16:23:37,283 log 1041931 123933278860992 "GET /despensa/ HTTP/1.1" 200 5373
INFO 2026-08-19 16:23:37,341 log 1041931 123933278860992 "GET /static/inventory/css/ui-revamp.css HTTP/1.1" 200 12321
INFO 2026-08-19 16:23:40,758 log 1041931 123933278860992 "GET /lista-compras/ HTTP/1.1" 200 7603
INFO 2026-08-19 16:23:40,801 log 1041931 123933278860992 "GET /static/inventory/css/ui-revamp.css HTTP/1.1" 304 0
INFO 2026-08-19 16:23:43,349 log 1041931 123933278860992 "GET /despensa/ HTTP/1.1" 200 5373
INFO 2026-08-19 16:23:43,410 log 1041931 123933278860992 "GET /static/inventory/css/ui-revamp.css HTTP/1.1" 304 0
INFO 2026-08-19 16:23:45,242 log 1041931 123933278860992 "GET /lista-compras/ HTTP/1.1" 200 7603
INFO 2026-08-19 16:24:08,956 autoreload 1041931 123933350895744 /home/danilobo/Home_inventory/casa/inventory/views.py changed, reloading.
INFO 2026-08-19 16:24:09,419 autoreload 1042396 129194301325440 Watching for file changes with StatReloader
WARNING 2026-08-19 16:24:17,873 log 1042453 134129596665984 Unauthorized: /api/divisoes/
INFO 2026-08-19 16:24:36,925 log 1042396 129194159765184 "GET /lista-compras/ HTTP/1.1" 200 6773
INFO 2026-08-19 16:24:36,980 log 1042396 129194159765184 "GET /static/inventory/css/ui-revamp.css HTTP/1.1" 304 0
INFO 2026-08-19 16:24:41,437 log 1042396 129194159765184 "GET /despensa/ HTTP/1.1" 200 5373
INFO 2026-08-19 16:24:51,604 log 1042396 129194159765184 "GET /lista-compras/ HTTP/1.1" 200 6773
INFO 2026-08-19 16:24:51,701 log 1042396 129194159765184 "GET /static/inventory/css/ui-revamp.css HTTP/1.1" 304 0
INFO 2026-08-19 16:25:48,139 autoreload 1042396 129194301325440 /home/danilobo/Home_inventory/casa/inventory/views.py changed, reloading.
INFO 2026-08-19 16:25:48,640 autoreload 1042681 139394800140416 Watching for file changes with StatReloader
WARNING 2026-08-19 16:25:58,345 log 1042738 123873339252864 Unauthorized: /api/divisoes/
INFO 2026-08-19 16:26:06,190 log 1042681 139394728064704 "GET /lista-compras/ HTTP/1.1" 200 7971
INFO 2026-08-19 16:26:06,283 log 1042681 139394728064704 "GET /static/inventory/css/ui-revamp.css HTTP/1.1" 304 0
INFO 2026-08-19 16:26:15,770 log 1042681 139394728064704 "POST /marcar-consumivel-comprado/1/ HTTP/1.1" 302 0
INFO 2026-08-19 16:26:15,790 log 1042681 139394728064704 "GET /lista-compras/ HTTP/1.1" 200 8117
INFO 2026-08-19 16:26:49,924 autoreload 1042681 139394800140416 /home/danilobo/Home_inventory/casa/inventory/views.py changed, reloading.
INFO 2026-08-19 16:26:50,476 autoreload 1042905 130451885543552 Watching for file changes with StatReloader
INFO 2026-08-19 16:27:05,635 log 1042905 130451813430976 "GET /lista-compras/ HTTP/1.1" 200 8507
INFO 2026-08-19 16:27:05,689 log 1042905 130451813430976 "GET /static/inventory/css/ui-revamp.css HTTP/1.1" 200 12525
WARNING 2026-08-19 16:27:07,448 log 1043037 126593483931776 Unauthorized: /api/divisoes/
INFO 2026-08-19 16:27:15,696 log 1042905 130451813430976 "POST /marcar-consumivel-comprado/1/ HTTP/1.1" 302 0
INFO 2026-08-19 16:27:15,717 log 1042905 130451813430976 "GET /lista-compras/ HTTP/1.1" 200 8507
INFO 2026-08-19 16:27:15,839 log 1042905 130451813430976 "GET /static/inventory/css/ui-revamp.css HTTP/1.1" 304 0
INFO 2026-08-19 16:27:19,432 log 1042905 130451813430976 "GET /lista-compras/ HTTP/1.1" 200 8507
INFO 2026-08-19 16:27:19,502 log 1042905 130451813430976 "GET /static/inventory/css/ui-revamp.css HTTP/1.1" 304 0
INFO 2026-08-19 16:27:21,726 log 1042905 130451813430976 "POST /marcar-consumivel-comprado/1/ HTTP/1.1" 302 0
INFO 2026-08-19 16:27:21,746 log 1042905 130451813430976 "GET /lista-compras/ HTTP/1.1" 200 8507
INFO 2026-08-19 16:28:22,144 autoreload 1042905 130451885543552 /home/danilobo/Home_inventory/casa/inventory/views.py changed, reloading.
INFO 2026-08-19 16:28:22,621 autoreload 1043216 133662031638656 Watching for file changes with StatReloader
WARNING 2026-08-19 16:28:34,913 log 1043352 136679101370496 Unauthorized: /api/divisoes/
INFO 2026-08-19 16:28:39,185 log 1043216 133661959648960 "GET /lista-compras/ HTTP/1.1" 200 8892
INFO 2026-08-19 16:28:39,268 log 1043216 133661959648960 "GET /static/inventory/css/ui-revamp.css HTTP/1.1" 200 12558
INFO 2026-08-19 16:28:49,687 log 1043216 133661959648960 "GET /despensa/ HTTP/1.1" 200 5057
INFO 2026-08-19 16:28:49,759 log 1043216 133661959648960 "GET /static/inventory/css/ui-revamp.css HTTP/1.1" 304 0
INFO 2026-08-19 16:28:52,054 log 1043216 133661959648960 "GET /lista-compras/ HTTP/1.1" 200 8892
INFO 2026-08-19 16:28:52,125 log 1043216 133661959648960 "GET /static/inventory/css/ui-revamp.css HTTP/1.1" 304 0
INFO 2026-08-19 16:28:55,987 log 1043216 133661959648960 "GET /despensa/ HTTP/1.1" 200 5057
INFO 2026-08-19 16:28:56,058 log 1043216 133661959648960 "GET /static/inventory/css/ui-revamp.css HTTP/1.1" 304 0
WARNING 2026-08-19 16:29:36,459 log 1043551 130703762411648 Unauthorized: /api/divisoes/
INFO 2026-08-19 16:29:38,188 log 1043216 133661959648960 "GET /lista-compras/ HTTP/1.1" 200 9462
INFO 2026-08-19 16:29:38,290 log 1043216 133661959648960 "GET /static/inventory/css/ui-revamp.css HTTP/1.1" 200 12604
INFO 2026-08-19 16:29:44,475 log 1043216 133661959648960 "GET /despensa/ HTTP/1.1" 200 5057
INFO 2026-08-19 16:29:44,538 log 1043216 133661959648960 "GET /static/inventory/css/ui-revamp.css HTTP/1.1" 304 0
INFO 2026-08-19 16:30:22,857 autoreload 1043216 133662031638656 /home/danilobo/Home_inventory/casa/inventory/views.py changed, reloading.
INFO 2026-08-19 16:30:23,351 autoreload 1043711 136755903860864 Watching for file changes with StatReloader
INFO 2026-08-19 16:30:30,510 log 1043711 136755831371456 "GET /despensa/ HTTP/1.1" 200 6940
INFO 2026-08-19 16:30:30,602 log 1043711 136755831371456 "GET /static/inventory/css/ui-revamp.css HTTP/1.1" 304 0
WARNING 2026-08-19 16:30:32,595 log 1043795 131011899703424 Unauthorized: /api/divisoes/
INFO 2026-08-19 16:30:39,672 log 1043711 136755831371456 "GET /lista-compras/ HTTP/1.1" 200 9462
INFO 2026-08-19 16:30:39,769 log 1043711 136755831371456 "GET /static/inventory/css/ui-revamp.css HTTP/1.1" 304 0
INFO 2026-08-19 16:30:43,580 log 1043711 136755831371456 "GET /lista-compras/ HTTP/1.1" 200 9462
WARNING 2026-08-19 16:31:14,605 log 1043966 127399387230336 Unauthorized: /api/divisoes/
INFO 2026-08-19 16:31:15,694 log 1043711 136755831371456 "GET /lista-compras/ HTTP/1.1" 200 8892
INFO 2026-08-19 16:31:15,825 log 1043711 136755831371456 "GET /static/inventory/css/ui-revamp.css HTTP/1.1" 200 12558
INFO 2026-08-19 16:31:18,106 log 1043711 136755831371456 "GET /despensa/ HTTP/1.1" 200 6940
INFO 2026-08-19 16:31:18,168 log 1043711 136755831371456 "GET /static/inventory/css/ui-revamp.css HTTP/1.1" 304 0
INFO 2026-08-19 16:31:55,558 log 1043711 136755831371456 "GET /despensa/ HTTP/1.1" 200 6995
INFO 2026-08-19 16:31:55,640 log 1043711 136755831371456 "GET /static/inventory/css/ui-revamp.css HTTP/1.1" 304 0
INFO 2026-08-19 16:32:05,996 log 1043711 136755831371456 "GET /despensa/ HTTP/1.1" 200 6995
INFO 2026-08-19 16:32:06,081 log 1043711 136755831371456 "GET /static/inventory/css/ui-revamp.css HTTP/1.1" 304 0
INFO 2026-08-19 16:32:14,297 log 1043711 136755831371456 "GET /lista-compras/ HTTP/1.1" 200 8892
INFO 2026-08-19 16:32:14,373 log 1043711 136755831371456 "GET /static/inventory/css/ui-revamp.css HTTP/1.1" 304 0
INFO 2026-08-19 16:32:28,169 log 1043711 136755831371456 "GET /despensa/ HTTP/1.1" 200 6995
INFO 2026-08-19 16:32:28,238 log 1043711 136755831371456 "GET /static/inventory/css/ui-revamp.css HTTP/1.1" 304 0
INFO 2026-08-19 16:33:28,596 log 1043711 136755831371456 "GET /despensa/ HTTP/1.1" 200 6856
INFO 2026-08-19 16:33:28,671 log 1043711 136755831371456 "GET /static/inventory/css/ui-revamp.css HTTP/1.1" 304 0
INFO 2026-08-19 16:34:27,122 log 1043711 136755831371456 "GET /despensa/ HTTP/1.1" 200 6961
INFO 2026-08-19 16:34:27,234 log 1043711 136755831371456 "GET /static/inventory/css/ui-revamp.css HTTP/1.1" 304 0
INFO 2026-08-19 16:34:50,207 log 1043711 136755831371456 "POST /despensa/ HTTP/1.1" 302 0
INFO 2026-08-19 16:34:50,223 log 1043711 136755831371456 "GET /despensa/ HTTP/1.1" 200 7277
INFO 2026-08-19 16:34:50,341 log 1043711 136755831371456 "GET /static/inventory/css/ui-revamp.css HTTP/1.1" 304 0
INFO 2026-08-19 16:34:56,308 log 1043711 136755831371456 "GET /lista-compras/ HTTP/1.1" 200 9565
INFO 2026-08-19 16:35:33,260 autoreload 1043711 136755903860864 /home/danilobo/Home_inventory/casa/inventory/urls.py changed, reloading.
INFO 2026-08-19 16:35:33,717 autoreload 1044820 132151019868288 Watching for file changes with StatReloader
WARNING 2026-08-19 16:35:42,052 log 1044862 135032578777216 Unauthorized: /api/divisoes/
INFO 2026-08-19 16:36:02,258 log 1044820 132150946952896 "GET /lista-compras/ HTTP/1.1" 200 10031
INFO 2026-08-19 16:36:02,338 log 1044820 132150946952896 "GET /static/inventory/css/ui-revamp.css HTTP/1.1" 304 0
WARNING 2026-08-19 16:37:06,883 log 1045196 127558281752704 Unauthorized: /api/divisoes/
INFO 2026-08-19 16:37:13,516 log 1044820 132150946952896 "GET /lista-compras/ HTTP/1.1" 200 10298
INFO 2026-08-19 16:37:13,626 log 1044820 132150946952896 "GET /static/inventory/css/ui-revamp.css HTTP/1.1" 200 14031
INFO 2026-08-19 16:37:21,201 log 1044820 132150946952896 "POST /apagar-consumivel/1/ HTTP/1.1" 302 0
INFO 2026-08-19 16:37:21,217 log 1044820 132150946952896 "GET /lista-compras/ HTTP/1.1" 200 8234
INFO 2026-08-19 16:37:21,333 log 1044820 132150946952896 "GET /static/inventory/css/ui-revamp.css HTTP/1.1" 304 0
INFO 2026-08-19 16:37:35,759 autoreload 1044820 132151019868288 /home/danilobo/Home_inventory/casa/inventory/forms.py changed, reloading.
INFO 2026-08-19 16:37:36,241 autoreload 1045476 135788126392448 Watching for file changes with StatReloader
INFO 2026-08-19 16:37:38,589 autoreload 1045476 135788126392448 /home/danilobo/Home_inventory/casa/inventory/models.py changed, reloading.
INFO 2026-08-19 16:37:39,060 autoreload 1045514 140024646656128 Watching for file changes with StatReloader
INFO 2026-08-23 08:32:09,526 autoreload 24564 132916296114304 Watching for file changes with StatReloader
INFO 2026-08-23 08:32:15,686 autoreload 24564 132916296114304 /home/danilobo/Home_inventory/casa/inventory/serializers.py changed, reloading.
INFO 2026-08-23 08:32:15,880 autoreload 24604 133691464335488 Watching for file changes with StatReloader
INFO 2026-08-23 08:32:35,150 autoreload 24604 133691464335488 /home/danilobo/Home_inventory/casa/inventory/views_api.py changed, reloading.
INFO 2026-08-23 08:32:35,374 autoreload 24673 132489088385152 Watching for file changes with StatReloader
INFO 2026-08-23 08:32:40,540 autoreload 24673 132489088385152 /home/danilobo/Home_inventory/casa/inventory/urls.py changed, reloading.
INFO 2026-08-23 08:32:40,763 autoreload 24698 126571186917504 Watching for file changes with StatReloader
WARNING 2026-08-23 08:37:46,396 log 26107 126192262393984 Unauthorized: /api/divisoes/
ERROR 2026-08-23 08:37:47,847 log 26107 126192262393984 Internal Server Error: /itens/
Traceback (most recent call last):
  File "/home/danilobo/Home_inventory/py_home/lib/python3.12/site-packages/django/template/smartif.py", line 181, in translate_token
    op = OPERATORS[token]
         ~~~~~~~~~^^^^^^^
KeyError: '}'

During handling of the above exception, another exception occurred:

Traceback (most recent call last):
  File "/home/danilobo/Home_inventory/py_home/lib/python3.12/site-packages/django/core/handlers/exception.py", line 55, in inner
    response = get_response(request)
               ^^^^^^^^^^^^^^^^^^^^^
  File "/home/danilobo/Home_inventory/py_home/lib/python3.12/site-packages/django/core/handlers/base.py", line 198, in _get_response
    response = wrapped_callback(request, *callback_args, **callback_kwargs)
               ^^^^^^^^^^^^^^^^^^^^^^^^^^^^^^^^^^^^^^^^^^^^^^^^^^^^^^^^^^^^
  File "/home/danilobo/Home_inventory/casa/inventory/views.py", line 56, in itens
    return render(request, "inventory/itens.html", context)
           ^^^^^^^^^^^^^^^^^^^^^^^^^^^^^^^^^^^^^^^^^^^^^^^^
  File "/home/danilobo/Home_inventory/py_home/lib/python3.12/site-packages/django/shortcuts.py", line 25, in render
    content = loader.render_to_string(template_name, context, request, using=using)
              ^^^^^^^^^^^^^^^^^^^^^^^^^^^^^^^^^^^^^^^^^^^^^^^^^^^^^^^^^^^^^^^^^^^^^
  File "/home/danilobo/Home_inventory/py_home/lib/python3.12/site-packages/django/template/loader.py", line 61, in render_to_string
    template = get_template(template_name, using=using)
               ^^^^^^^^^^^^^^^^^^^^^^^^^^^^^^^^^^^^^^^^
  File "/home/danilobo/Home_inventory/py_home/lib/python3.12/site-packages/django/template/loader.py", line 15, in get_template
    return engine.get_template(template_name)
           ^^^^^^^^^^^^^^^^^^^^^^^^^^^^^^^^^^
  File "/home/danilobo/Home_inventory/py_home/lib/python3.12/site-packages/django/template/backends/django.py", line 79, in get_template
    return Template(self.engine.get_template(template_name), self)
                    ^^^^^^^^^^^^^^^^^^^^^^^^^^^^^^^^^^^^^^^
  File "/home/danilobo/Home_inventory/py_home/lib/python3.12/site-packages/django/template/engine.py", line 186, in get_template
    template, origin = self.find_template(template_name)
                       ^^^^^^^^^^^^^^^^^^^^^^^^^^^^^^^^^
  File "/home/danilobo/Home_inventory/py_home/lib/python3.12/site-packages/django/template/engine.py", line 159, in find_template
    template = loader.get_template(name, skip=skip)
               ^^^^^^^^^^^^^^^^^^^^^^^^^^^^^^^^^^^^
  File "/home/danilobo/Home_inventory/py_home/lib/python3.12/site-packages/django/template/loaders/cached.py", line 57, in get_template
    template = super().get_template(template_name, skip)
               ^^^^^^^^^^^^^^^^^^^^^^^^^^^^^^^^^^^^^^^^^
  File "/home/danilobo/Home_inventory/py_home/lib/python3.12/site-packages/django/template/loaders/base.py", line 28, in get_template
    return Template(
           ^^^^^^^^^
  File "/home/danilobo/Home_inventory/py_home/lib/python3.12/site-packages/django/template/base.py", line 157, in __init__
    self.nodelist = self.compile_nodelist()
                    ^^^^^^^^^^^^^^^^^^^^^^^
  File "/home/danilobo/Home_inventory/py_home/lib/python3.12/site-packages/django/template/base.py", line 199, in compile_nodelist
    nodelist = parser.parse()
               ^^^^^^^^^^^^^^
  File "/home/danilobo/Home_inventory/py_home/lib/python3.12/site-packages/django/template/base.py", line 585, in parse
    raise self.error(token, e)
  File "/home/danilobo/Home_inventory/py_home/lib/python3.12/site-packages/django/template/base.py", line 583, in parse
    compiled_result = compile_func(self, token)
                      ^^^^^^^^^^^^^^^^^^^^^^^^^
  File "/home/danilobo/Home_inventory/py_home/lib/python3.12/site-packages/django/template/defaulttags.py", line 894, in do_for
    nodelist_loop = parser.parse(
                    ^^^^^^^^^^^^^
  File "/home/danilobo/Home_inventory/py_home/lib/python3.12/site-packages/django/template/base.py", line 585, in parse
    raise self.error(token, e)
  File "/home/danilobo/Home_inventory/py_home/lib/python3.12/site-packages/django/template/base.py", line 583, in parse
    compiled_result = compile_func(self, token)
                      ^^^^^^^^^^^^^^^^^^^^^^^^^
  File "/home/danilobo/Home_inventory/py_home/lib/python3.12/site-packages/django/template/defaulttags.py", line 993, in do_if
    condition = TemplateIfParser(parser, bits).parse()
                ^^^^^^^^^^^^^^^^^^^^^^^^^^^^^^
  File "/home/danilobo/Home_inventory/py_home/lib/python3.12/site-packages/django/template/defaulttags.py", line 926, in __init__
    super().__init__(*args, **kwargs)
  File "/home/danilobo/Home_inventory/py_home/lib/python3.12/site-packages/django/template/smartif.py", line 172, in __init__
    mapped_tokens.append(self.translate_token(token))
                         ^^^^^^^^^^^^^^^^^^^^^^^^^^^
  File "/home/danilobo/Home_inventory/py_home/lib/python3.12/site-packages/django/template/smartif.py", line 183, in translate_token
    return self.create_var(token)
           ^^^^^^^^^^^^^^^^^^^^^^
  File "/home/danilobo/Home_inventory/py_home/lib/python3.12/site-packages/django/template/defaulttags.py", line 929, in create_var
    return TemplateLiteral(self.template_parser.compile_filter(value), value)
                           ^^^^^^^^^^^^^^^^^^^^^^^^^^^^^^^^^^^^^^^^^^
  File "/home/danilobo/Home_inventory/py_home/lib/python3.12/site-packages/django/template/base.py", line 676, in compile_filter
    return FilterExpression(token, self)
           ^^^^^^^^^^^^^^^^^^^^^^^^^^^^^
  File "/home/danilobo/Home_inventory/py_home/lib/python3.12/site-packages/django/template/base.py", line 776, in __init__
    raise TemplateSyntaxError(
django.template.exceptions.TemplateSyntaxError: Template: /home/danilobo/Home_inventory/casa/inventory/templates/inventory/itens.html, Could not parse the remainder: '}' from '}'
WARNING 2026-08-23 08:37:56,126 log 26194 123295991324800 Unauthorized: /api/divisoes/
ERROR 2026-08-23 08:37:57,556 log 26194 123295991324800 Internal Server Error: /itens/
Traceback (most recent call last):
  File "/home/danilobo/Home_inventory/py_home/lib/python3.12/site-packages/django/template/smartif.py", line 181, in translate_token
    op = OPERATORS[token]
         ~~~~~~~~~^^^^^^^
KeyError: '}'

During handling of the above exception, another exception occurred:

Traceback (most recent call last):
  File "/home/danilobo/Home_inventory/py_home/lib/python3.12/site-packages/django/core/handlers/exception.py", line 55, in inner
    response = get_response(request)
               ^^^^^^^^^^^^^^^^^^^^^
  File "/home/danilobo/Home_inventory/py_home/lib/python3.12/site-packages/django/core/handlers/base.py", line 198, in _get_response
    response = wrapped_callback(request, *callback_args, **callback_kwargs)
               ^^^^^^^^^^^^^^^^^^^^^^^^^^^^^^^^^^^^^^^^^^^^^^^^^^^^^^^^^^^^
  File "/home/danilobo/Home_inventory/casa/inventory/views.py", line 56, in itens
    return render(request, "inventory/itens.html", context)
           ^^^^^^^^^^^^^^^^^^^^^^^^^^^^^^^^^^^^^^^^^^^^^^^^
  File "/home/danilobo/Home_inventory/py_home/lib/python3.12/site-packages/django/shortcuts.py", line 25, in render
    content = loader.render_to_string(template_name, context, request, using=using)
              ^^^^^^^^^^^^^^^^^^^^^^^^^^^^^^^^^^^^^^^^^^^^^^^^^^^^^^^^^^^^^^^^^^^^^
  File "/home/danilobo/Home_inventory/py_home/lib/python3.12/site-packages/django/template/loader.py", line 61, in render_to_string
    template = get_template(template_name, using=using)
               ^^^^^^^^^^^^^^^^^^^^^^^^^^^^^^^^^^^^^^^^
  File "/home/danilobo/Home_inventory/py_home/lib/python3.12/site-packages/django/template/loader.py", line 15, in get_template
    return engine.get_template(template_name)
           ^^^^^^^^^^^^^^^^^^^^^^^^^^^^^^^^^^
  File "/home/danilobo/Home_inventory/py_home/lib/python3.12/site-packages/django/template/backends/django.py", line 79, in get_template
    return Template(self.engine.get_template(template_name), self)
                    ^^^^^^^^^^^^^^^^^^^^^^^^^^^^^^^^^^^^^^^
  File "/home/danilobo/Home_inventory/py_home/lib/python3.12/site-packages/django/template/engine.py", line 186, in get_template
    template, origin = self.find_template(template_name)
                       ^^^^^^^^^^^^^^^^^^^^^^^^^^^^^^^^^
  File "/home/danilobo/Home_inventory/py_home/lib/python3.12/site-packages/django/template/engine.py", line 159, in find_template
    template = loader.get_template(name, skip=skip)
               ^^^^^^^^^^^^^^^^^^^^^^^^^^^^^^^^^^^^
  File "/home/danilobo/Home_inventory/py_home/lib/python3.12/site-packages/django/template/loaders/cached.py", line 57, in get_template
    template = super().get_template(template_name, skip)
               ^^^^^^^^^^^^^^^^^^^^^^^^^^^^^^^^^^^^^^^^^
  File "/home/danilobo/Home_inventory/py_home/lib/python3.12/site-packages/django/template/loaders/base.py", line 28, in get_template
    return Template(
           ^^^^^^^^^
  File "/home/danilobo/Home_inventory/py_home/lib/python3.12/site-packages/django/template/base.py", line 157, in __init__
    self.nodelist = self.compile_nodelist()
                    ^^^^^^^^^^^^^^^^^^^^^^^
  File "/home/danilobo/Home_inventory/py_home/lib/python3.12/site-packages/django/template/base.py", line 199, in compile_nodelist
    nodelist = parser.parse()
               ^^^^^^^^^^^^^^
  File "/home/danilobo/Home_inventory/py_home/lib/python3.12/site-packages/django/template/base.py", line 585, in parse
    raise self.error(token, e)
  File "/home/danilobo/Home_inventory/py_home/lib/python3.12/site-packages/django/template/base.py", line 583, in parse
    compiled_result = compile_func(self, token)
                      ^^^^^^^^^^^^^^^^^^^^^^^^^
  File "/home/danilobo/Home_inventory/py_home/lib/python3.12/site-packages/django/template/defaulttags.py", line 894, in do_for
    nodelist_loop = parser.parse(
                    ^^^^^^^^^^^^^
  File "/home/danilobo/Home_inventory/py_home/lib/python3.12/site-packages/django/template/base.py", line 585, in parse
    raise self.error(token, e)
  File "/home/danilobo/Home_inventory/py_home/lib/python3.12/site-packages/django/template/base.py", line 583, in parse
    compiled_result = compile_func(self, token)
                      ^^^^^^^^^^^^^^^^^^^^^^^^^
  File "/home/danilobo/Home_inventory/py_home/lib/python3.12/site-packages/django/template/defaulttags.py", line 993, in do_if
    condition = TemplateIfParser(parser, bits).parse()
                ^^^^^^^^^^^^^^^^^^^^^^^^^^^^^^
  File "/home/danilobo/Home_inventory/py_home/lib/python3.12/site-packages/django/template/defaulttags.py", line 926, in __init__
    super().__init__(*args, **kwargs)
  File "/home/danilobo/Home_inventory/py_home/lib/python3.12/site-packages/django/template/smartif.py", line 172, in __init__
    mapped_tokens.append(self.translate_token(token))
                         ^^^^^^^^^^^^^^^^^^^^^^^^^^^
  File "/home/danilobo/Home_inventory/py_home/lib/python3.12/site-packages/django/template/smartif.py", line 183, in translate_token
    return self.create_var(token)
           ^^^^^^^^^^^^^^^^^^^^^^
  File "/home/danilobo/Home_inventory/py_home/lib/python3.12/site-packages/django/template/defaulttags.py", line 929, in create_var
    return TemplateLiteral(self.template_parser.compile_filter(value), value)
                           ^^^^^^^^^^^^^^^^^^^^^^^^^^^^^^^^^^^^^^^^^^
  File "/home/danilobo/Home_inventory/py_home/lib/python3.12/site-packages/django/template/base.py", line 676, in compile_filter
    return FilterExpression(token, self)
           ^^^^^^^^^^^^^^^^^^^^^^^^^^^^^
  File "/home/danilobo/Home_inventory/py_home/lib/python3.12/site-packages/django/template/base.py", line 776, in __init__
    raise TemplateSyntaxError(
django.template.exceptions.TemplateSyntaxError: Template: /home/danilobo/Home_inventory/casa/inventory/templates/inventory/itens.html, Could not parse the remainder: '}' from '}'
WARNING 2026-08-23 08:39:03,945 log 26578 123574752190592 Unauthorized: /api/divisoes/
ERROR 2026-08-23 08:39:05,421 log 26578 123574752190592 Internal Server Error: /itens/
Traceback (most recent call last):
  File "/home/danilobo/Home_inventory/py_home/lib/python3.12/site-packages/django/template/smartif.py", line 181, in translate_token
    op = OPERATORS[token]
         ~~~~~~~~~^^^^^^^
KeyError: '}'

During handling of the above exception, another exception occurred:

Traceback (most recent call last):
  File "/home/danilobo/Home_inventory/py_home/lib/python3.12/site-packages/django/core/handlers/exception.py", line 55, in inner
    response = get_response(request)
               ^^^^^^^^^^^^^^^^^^^^^
  File "/home/danilobo/Home_inventory/py_home/lib/python3.12/site-packages/django/core/handlers/base.py", line 198, in _get_response
    response = wrapped_callback(request, *callback_args, **callback_kwargs)
               ^^^^^^^^^^^^^^^^^^^^^^^^^^^^^^^^^^^^^^^^^^^^^^^^^^^^^^^^^^^^
  File "/home/danilobo/Home_inventory/casa/inventory/views.py", line 56, in itens
    return render(request, "inventory/itens.html", context)
           ^^^^^^^^^^^^^^^^^^^^^^^^^^^^^^^^^^^^^^^^^^^^^^^^
  File "/home/danilobo/Home_inventory/py_home/lib/python3.12/site-packages/django/shortcuts.py", line 25, in render
    content = loader.render_to_string(template_name, context, request, using=using)
              ^^^^^^^^^^^^^^^^^^^^^^^^^^^^^^^^^^^^^^^^^^^^^^^^^^^^^^^^^^^^^^^^^^^^^
  File "/home/danilobo/Home_inventory/py_home/lib/python3.12/site-packages/django/template/loader.py", line 61, in render_to_string
    template = get_template(template_name, using=using)
               ^^^^^^^^^^^^^^^^^^^^^^^^^^^^^^^^^^^^^^^^
  File "/home/danilobo/Home_inventory/py_home/lib/python3.12/site-packages/django/template/loader.py", line 15, in get_template
    return engine.get_template(template_name)
           ^^^^^^^^^^^^^^^^^^^^^^^^^^^^^^^^^^
  File "/home/danilobo/Home_inventory/py_home/lib/python3.12/site-packages/django/template/backends/django.py", line 79, in get_template
    return Template(self.engine.get_template(template_name), self)
                    ^^^^^^^^^^^^^^^^^^^^^^^^^^^^^^^^^^^^^^^
  File "/home/danilobo/Home_inventory/py_home/lib/python3.12/site-packages/django/template/engine.py", line 186, in get_template
    template, origin = self.find_template(template_name)
                       ^^^^^^^^^^^^^^^^^^^^^^^^^^^^^^^^^
  File "/home/danilobo/Home_inventory/py_home/lib/python3.12/site-packages/django/template/engine.py", line 159, in find_template
    template = loader.get_template(name, skip=skip)
               ^^^^^^^^^^^^^^^^^^^^^^^^^^^^^^^^^^^^
  File "/home/danilobo/Home_inventory/py_home/lib/python3.12/site-packages/django/template/loaders/cached.py", line 57, in get_template
    template = super().get_template(template_name, skip)
               ^^^^^^^^^^^^^^^^^^^^^^^^^^^^^^^^^^^^^^^^^
  File "/home/danilobo/Home_inventory/py_home/lib/python3.12/site-packages/django/template/loaders/base.py", line 28, in get_template
    return Template(
           ^^^^^^^^^
  File "/home/danilobo/Home_inventory/py_home/lib/python3.12/site-packages/django/template/base.py", line 157, in __init__
    self.nodelist = self.compile_nodelist()
                    ^^^^^^^^^^^^^^^^^^^^^^^
  File "/home/danilobo/Home_inventory/py_home/lib/python3.12/site-packages/django/template/base.py", line 199, in compile_nodelist
    nodelist = parser.parse()
               ^^^^^^^^^^^^^^
  File "/home/danilobo/Home_inventory/py_home/lib/python3.12/site-packages/django/template/base.py", line 585, in parse
    raise self.error(token, e)
  File "/home/danilobo/Home_inventory/py_home/lib/python3.12/site-packages/django/template/base.py", line 583, in parse
    compiled_result = compile_func(self, token)
                      ^^^^^^^^^^^^^^^^^^^^^^^^^
  File "/home/danilobo/Home_inventory/py_home/lib/python3.12/site-packages/django/template/defaulttags.py", line 894, in do_for
    nodelist_loop = parser.parse(
                    ^^^^^^^^^^^^^
  File "/home/danilobo/Home_inventory/py_home/lib/python3.12/site-packages/django/template/base.py", line 585, in parse
    raise self.error(token, e)
  File "/home/danilobo/Home_inventory/py_home/lib/python3.12/site-packages/django/template/base.py", line 583, in parse
    compiled_result = compile_func(self, token)
                      ^^^^^^^^^^^^^^^^^^^^^^^^^
  File "/home/danilobo/Home_inventory/py_home/lib/python3.12/site-packages/django/template/defaulttags.py", line 993, in do_if
    condition = TemplateIfParser(parser, bits).parse()
                ^^^^^^^^^^^^^^^^^^^^^^^^^^^^^^
  File "/home/danilobo/Home_inventory/py_home/lib/python3.12/site-packages/django/template/defaulttags.py", line 926, in __init__
    super().__init__(*args, **kwargs)
  File "/home/danilobo/Home_inventory/py_home/lib/python3.12/site-packages/django/template/smartif.py", line 172, in __init__
    mapped_tokens.append(self.translate_token(token))
                         ^^^^^^^^^^^^^^^^^^^^^^^^^^^
  File "/home/danilobo/Home_inventory/py_home/lib/python3.12/site-packages/django/template/smartif.py", line 183, in translate_token
    return self.create_var(token)
           ^^^^^^^^^^^^^^^^^^^^^^
  File "/home/danilobo/Home_inventory/py_home/lib/python3.12/site-packages/django/template/defaulttags.py", line 929, in create_var
    return TemplateLiteral(self.template_parser.compile_filter(value), value)
                           ^^^^^^^^^^^^^^^^^^^^^^^^^^^^^^^^^^^^^^^^^^
  File "/home/danilobo/Home_inventory/py_home/lib/python3.12/site-packages/django/template/base.py", line 676, in compile_filter
    return FilterExpression(token, self)
           ^^^^^^^^^^^^^^^^^^^^^^^^^^^^^
  File "/home/danilobo/Home_inventory/py_home/lib/python3.12/site-packages/django/template/base.py", line 776, in __init__
    raise TemplateSyntaxError(
django.template.exceptions.TemplateSyntaxError: Template: /home/danilobo/Home_inventory/casa/inventory/templates/inventory/itens.html, Could not parse the remainder: '}' from '}'
WARNING 2026-08-23 08:39:39,017 log 26795 127613759910016 Unauthorized: /api/divisoes/
INFO 2026-08-23 08:41:25,985 autoreload 26309 127705821167744 /home/danilobo/Home_inventory/casa/inventory/views.py changed, reloading.
INFO 2026-08-23 08:41:26,215 autoreload 27278 133974283464832 Watching for file changes with StatReloader
INFO 2026-08-23 08:41:35,417 autoreload 27278 133974283464832 /home/danilobo/Home_inventory/casa/inventory/urls.py changed, reloading.
INFO 2026-08-23 08:41:35,615 autoreload 27288 131173501186176 Watching for file changes with StatReloader
WARNING 2026-08-23 08:42:48,687 log 27570 137126613622912 Unauthorized: /api/divisoes/
INFO 2026-08-23 08:43:16,341 autoreload 27771 128432828567680 Watching for file changes with StatReloader
WARNING 2026-08-23 08:43:17,057 log 27771 128432757274304 Not Found: /service-worker.js;
WARNING 2026-08-23 08:43:17,058 log 27771 128432757274304 "GET /service-worker.js; HTTP/1.1" 404 7499
WARNING 2026-08-23 08:43:17,093 log 27771 128432757274304 Not Found: /lista-compras/;
WARNING 2026-08-23 08:43:17,093 log 27771 128432757274304 "GET /lista-compras/; HTTP/1.1" 404 7490
INFO 2026-08-23 08:43:33,830 autoreload 28416 123750478037120 Watching for file changes with StatReloader
INFO 2026-08-23 08:43:41,260 log 28416 123750406158016 "GET /service-worker.js HTTP/1.1" 200 1777
INFO 2026-08-23 08:43:41,289 log 28416 123750406158016 "GET /lista-compras/ HTTP/1.1" 200 9220
INFO 2026-08-23 08:43:41,298 log 28416 123750406158016 "GET /static/inventory/manifest.json HTTP/1.1" 200 513
WARNING 2026-08-23 08:43:41,307 log 28416 123750406158016 Unauthorized: /api/sync/consumiveis/
WARNING 2026-08-23 08:43:41,308 log 28416 123750406158016 "GET /api/sync/consumiveis/ HTTP/1.1" 401 68
INFO 2026-08-23 09:30:17,172 autoreload 16308 140736070010848 Watching for file changes with StatReloader
WARNING 2026-08-23 09:30:43,279 log 16463 140733794830304 Not Found: /favicon.ico
ERROR 2026-08-23 09:31:18,088 log 16639 140733794830304 Invalid HTTP_HOST header: '192.168.1.78'. You may need to add '192.168.1.78' to ALLOWED_HOSTS.
Traceback (most recent call last):
  File "/home/danilobo/Home_inventory/py_home/lib/python3.13/site-packages/django/core/handlers/exception.py", line 55, in inner
    response = get_response(request)
  File "/home/danilobo/Home_inventory/py_home/lib/python3.13/site-packages/django/utils/deprecation.py", line 308, in __call__
    response = self.process_request(request)
  File "/home/danilobo/Home_inventory/py_home/lib/python3.13/site-packages/django/middleware/common.py", line 48, in process_request
    host = request.get_host()
  File "/home/danilobo/Home_inventory/py_home/lib/python3.13/site-packages/django/http/request.py", line 205, in get_host
    raise DisallowedHost(msg)
django.core.exceptions.DisallowedHost: Invalid HTTP_HOST header: '192.168.1.78'. You may need to add '192.168.1.78' to ALLOWED_HOSTS.
ERROR 2026-08-23 09:31:18,400 log 16640 140733794830304 Invalid HTTP_HOST header: '192.168.1.78'. You may need to add '192.168.1.78' to ALLOWED_HOSTS.
Traceback (most recent call last):
  File "/home/danilobo/Home_inventory/py_home/lib/python3.13/site-packages/django/core/handlers/exception.py", line 55, in inner
    response = get_response(request)
  File "/home/danilobo/Home_inventory/py_home/lib/python3.13/site-packages/django/utils/deprecation.py", line 308, in __call__
    response = self.process_request(request)
  File "/home/danilobo/Home_inventory/py_home/lib/python3.13/site-packages/django/middleware/common.py", line 48, in process_request
    host = request.get_host()
  File "/home/danilobo/Home_inventory/py_home/lib/python3.13/site-packages/django/http/request.py", line 205, in get_host
    raise DisallowedHost(msg)
django.core.exceptions.DisallowedHost: Invalid HTTP_HOST header: '192.168.1.78'. You may need to add '192.168.1.78' to ALLOWED_HOSTS.
ERROR 2026-08-23 09:35:20,641 log 22176 140735148509152 Internal Server Error: /
Traceback (most recent call last):
  File "/home/danilobo/Home_inventory/py_home/lib/python3.13/site-packages/django/core/handlers/exception.py", line 55, in inner
    response = get_response(request)
  File "/home/danilobo/Home_inventory/py_home/lib/python3.13/site-packages/django/core/handlers/base.py", line 198, in _get_response
    response = wrapped_callback(request, *callback_args, **callback_kwargs)
  File "/home/danilobo/Home_inventory/casa/inventory/views.py", line 341, in menu
    return render(request, "inventory/menu.html")
  File "/home/danilobo/Home_inventory/py_home/lib/python3.13/site-packages/django/shortcuts.py", line 25, in render
    content = loader.render_to_string(template_name, context, request, using=using)
  File "/home/danilobo/Home_inventory/py_home/lib/python3.13/site-packages/django/template/loader.py", line 61, in render_to_string
    template = get_template(template_name, using=using)
  File "/home/danilobo/Home_inventory/py_home/lib/python3.13/site-packages/django/template/loader.py", line 15, in get_template
    return engine.get_template(template_name)
           ~~~~~~~~~~~~~~~~~~~^^^^^^^^^^^^^^^
  File "/home/danilobo/Home_inventory/py_home/lib/python3.13/site-packages/django/template/backends/django.py", line 79, in get_template
    return Template(self.engine.get_template(template_name), self)
                    ~~~~~~~~~~~~~~~~~~~~~~~~^^^^^^^^^^^^^^^
  File "/home/danilobo/Home_inventory/py_home/lib/python3.13/site-packages/django/template/engine.py", line 186, in get_template
    template, origin = self.find_template(template_name)
                       ~~~~~~~~~~~~~~~~~~^^^^^^^^^^^^^^^
  File "/home/danilobo/Home_inventory/py_home/lib/python3.13/site-packages/django/template/engine.py", line 159, in find_template
    template = loader.get_template(name, skip=skip)
  File "/home/danilobo/Home_inventory/py_home/lib/python3.13/site-packages/django/template/loaders/cached.py", line 57, in get_template
    template = super().get_template(template_name, skip)
  File "/home/danilobo/Home_inventory/py_home/lib/python3.13/site-packages/django/template/loaders/base.py", line 28, in get_template
    return Template(
        contents,
    ...<2 lines>...
        self.engine,
    )
  File "/home/danilobo/Home_inventory/py_home/lib/python3.13/site-packages/django/template/base.py", line 157, in __init__
    self.nodelist = self.compile_nodelist()
                    ~~~~~~~~~~~~~~~~~~~~~^^
  File "/home/danilobo/Home_inventory/py_home/lib/python3.13/site-packages/django/template/base.py", line 199, in compile_nodelist
    nodelist = parser.parse()
  File "/home/danilobo/Home_inventory/py_home/lib/python3.13/site-packages/django/template/base.py", line 585, in parse
    raise self.error(token, e)
  File "/home/danilobo/Home_inventory/py_home/lib/python3.13/site-packages/django/template/base.py", line 583, in parse
    compiled_result = compile_func(self, token)
  File "/home/danilobo/Home_inventory/py_home/lib/python3.13/site-packages/django/template/loader_tags.py", line 304, in do_extends
    raise TemplateSyntaxError("'%s' takes one argument" % bits[0])
django.template.exceptions.TemplateSyntaxError: Template: /home/danilobo/Home_inventory/casa/inventory/templates/inventory/menu.html, 'extends' takes one argument
WARNING 2026-08-23 09:35:20,775 log 22176 140735148509152 Not Found: /favicon.ico
ERROR 2026-08-23 09:36:36,581 log 22636 140733157214176 Invalid HTTP_HOST header: 'testserver'. You may need to add 'testserver' to ALLOWED_HOSTS.
Traceback (most recent call last):
  File "/home/danilobo/Home_inventory/py_home/lib/python3.13/site-packages/django/core/handlers/exception.py", line 55, in inner
    response = get_response(request)
  File "/home/danilobo/Home_inventory/py_home/lib/python3.13/site-packages/django/utils/deprecation.py", line 308, in __call__
    response = self.process_request(request)
  File "/home/danilobo/Home_inventory/py_home/lib/python3.13/site-packages/django/middleware/common.py", line 48, in process_request
    host = request.get_host()
  File "/home/danilobo/Home_inventory/py_home/lib/python3.13/site-packages/django/http/request.py", line 205, in get_host
    raise DisallowedHost(msg)
django.core.exceptions.DisallowedHost: Invalid HTTP_HOST header: 'testserver'. You may need to add 'testserver' to ALLOWED_HOSTS.
ERROR 2026-08-23 09:37:17,497 log 22176 140735148509152 Internal Server Error: /dashboard/
Traceback (most recent call last):
  File "/home/danilobo/Home_inventory/py_home/lib/python3.13/site-packages/django/core/handlers/exception.py", line 55, in inner
    response = get_response(request)
  File "/home/danilobo/Home_inventory/py_home/lib/python3.13/site-packages/django/core/handlers/base.py", line 198, in _get_response
    response = wrapped_callback(request, *callback_args, **callback_kwargs)
  File "/home/danilobo/Home_inventory/casa/inventory/views.py", line 363, in dashboard
    consumiveis_alerta = Consumivel.objects.filter(quantidade__lte=F("quantidade_minima"))
  File "/home/danilobo/Home_inventory/py_home/lib/python3.13/site-packages/django/db/models/manager.py", line 87, in manager_method
    return getattr(self.get_queryset(), name)(*args, **kwargs)
           ~~~~~~~~~~~~~~~~~~~~~~~~~~~~~~~~~~^^^^^^^^^^^^^^^^^
  File "/home/danilobo/Home_inventory/py_home/lib/python3.13/site-packages/django/db/models/query.py", line 1542, in filter
    return self._filter_or_exclude(False, args, kwargs)
           ~~~~~~~~~~~~~~~~~~~~~~~^^^^^^^^^^^^^^^^^^^^^
  File "/home/danilobo/Home_inventory/py_home/lib/python3.13/site-packages/django/db/models/query.py", line 1560, in _filter_or_exclude
    clone._filter_or_exclude_inplace(negate, args, kwargs)
    ~~~~~~~~~~~~~~~~~~~~~~~~~~~~~~~~^^^^^^^^^^^^^^^^^^^^^^
  File "/home/danilobo/Home_inventory/py_home/lib/python3.13/site-packages/django/db/models/query.py", line 1570, in _filter_or_exclude_inplace
    self._query.add_q(Q(*args, **kwargs))
    ~~~~~~~~~~~~~~~~~^^^^^^^^^^^^^^^^^^^^
  File "/home/danilobo/Home_inventory/py_home/lib/python3.13/site-packages/django/db/models/sql/query.py", line 1676, in add_q
    clause, _ = self._add_q(q_object, can_reuse)
                ~~~~~~~~~~~^^^^^^^^^^^^^^^^^^^^^
  File "/home/danilobo/Home_inventory/py_home/lib/python3.13/site-packages/django/db/models/sql/query.py", line 1708, in _add_q
    child_clause, needed_inner = self.build_filter(
                                 ~~~~~~~~~~~~~~~~~^
        child,
        ^^^^^^
    ...<7 lines>...
        update_join_types=update_join_types,
        ^^^^^^^^^^^^^^^^^^^^^^^^^^^^^^^^^^^^
    )
    ^
  File "/home/danilobo/Home_inventory/py_home/lib/python3.13/site-packages/django/db/models/sql/query.py", line 1565, in build_filter
    value = self.resolve_lookup_value(value, can_reuse, allow_joins, summarize)
  File "/home/danilobo/Home_inventory/py_home/lib/python3.13/site-packages/django/db/models/sql/query.py", line 1330, in resolve_lookup_value
    value = value.resolve_expression(
        self,
    ...<2 lines>...
        summarize=summarize,
    )
  File "/home/danilobo/Home_inventory/py_home/lib/python3.13/site-packages/django/db/models/expressions.py", line 904, in resolve_expression
    return query.resolve_ref(self.name, allow_joins, reuse, summarize)
           ~~~~~~~~~~~~~~~~~^^^^^^^^^^^^^^^^^^^^^^^^^^^^^^^^^^^^^^^^^^
  File "/home/danilobo/Home_inventory/py_home/lib/python3.13/site-packages/django/db/models/sql/query.py", line 2087, in resolve_ref
    join_info = self.setup_joins(
        field_list, self.get_meta(), self.get_initial_alias(), can_reuse=reuse
    )
  File "/home/danilobo/Home_inventory/py_home/lib/python3.13/site-packages/django/db/models/sql/query.py", line 1937, in setup_joins
    path, final_field, targets, rest = self.names_to_path(
                                       ~~~~~~~~~~~~~~~~~~^
        names[:pivot],
        ^^^^^^^^^^^^^^
    ...<2 lines>...
        fail_on_missing=True,
        ^^^^^^^^^^^^^^^^^^^^^
    )
    ^
  File "/home/danilobo/Home_inventory/py_home/lib/python3.13/site-packages/django/db/models/sql/query.py", line 1842, in names_to_path
    raise FieldError(
    ...<2 lines>...
    )
django.core.exceptions.FieldError: Cannot resolve keyword 'quantidade_minima' into field. Choices are: comprado, divisao, divisao_id, id, nome, quantidade, quantidade_compra, updated_at, uuid
WARNING 2026-08-23 09:38:48,219 log 23363 140732925872096 Unauthorized: /api/divisoes/
ERROR 2026-08-23 09:38:50,444 log 23363 140732925872096 Internal Server Error: /lista-compras/
Traceback (most recent call last):
  File "/home/danilobo/Home_inventory/py_home/lib/python3.13/site-packages/django/core/handlers/exception.py", line 55, in inner
    response = get_response(request)
  File "/home/danilobo/Home_inventory/py_home/lib/python3.13/site-packages/django/core/handlers/base.py", line 198, in _get_response
    response = wrapped_callback(request, *callback_args, **callback_kwargs)
  File "/home/danilobo/Home_inventory/casa/inventory/views.py", line 533, in lista_compras
    ativos = Compra.objects.filter(comprado=False)
             ^^^^^^
NameError: name 'Compra' is not defined
ERROR 2026-08-23 09:38:50,541 log 23363 140732925872096 Internal Server Error: /lista-compras/
Traceback (most recent call last):
  File "/home/danilobo/Home_inventory/py_home/lib/python3.13/site-packages/django/core/handlers/exception.py", line 55, in inner
    response = get_response(request)
  File "/home/danilobo/Home_inventory/py_home/lib/python3.13/site-packages/django/core/handlers/base.py", line 198, in _get_response
    response = wrapped_callback(request, *callback_args, **callback_kwargs)
  File "/home/danilobo/Home_inventory/casa/inventory/views.py", line 533, in lista_compras
    ativos = Compra.objects.filter(comprado=False)
             ^^^^^^
NameError: name 'Compra' is not defined
ERROR 2026-08-23 09:38:50,619 log 23363 140732925872096 Internal Server Error: /lista-compras/
Traceback (most recent call last):
  File "/home/danilobo/Home_inventory/py_home/lib/python3.13/site-packages/django/core/handlers/exception.py", line 55, in inner
    response = get_response(request)
  File "/home/danilobo/Home_inventory/py_home/lib/python3.13/site-packages/django/core/handlers/base.py", line 198, in _get_response
    response = wrapped_callback(request, *callback_args, **callback_kwargs)
  File "/home/danilobo/Home_inventory/casa/inventory/views.py", line 533, in lista_compras
    ativos = Compra.objects.filter(comprado=False)
             ^^^^^^
NameError: name 'Compra' is not defined
WARNING 2026-08-23 09:39:31,087 log 23601 140734721050592 Unauthorized: /api/divisoes/
ERROR 2026-08-23 09:39:33,307 log 23601 140734721050592 Internal Server Error: /lista-compras/
Traceback (most recent call last):
  File "/home/danilobo/Home_inventory/py_home/lib/python3.13/site-packages/django/core/handlers/exception.py", line 55, in inner
    response = get_response(request)
  File "/home/danilobo/Home_inventory/py_home/lib/python3.13/site-packages/django/core/handlers/base.py", line 198, in _get_response
    response = wrapped_callback(request, *callback_args, **callback_kwargs)
  File "/home/danilobo/Home_inventory/casa/inventory/views.py", line 592, in lista_compras
    ativos = Compra.objects.filter(comprado=False)
             ^^^^^^
NameError: name 'Compra' is not defined
ERROR 2026-08-23 09:39:33,392 log 23601 140734721050592 Internal Server Error: /lista-compras/
Traceback (most recent call last):
  File "/home/danilobo/Home_inventory/py_home/lib/python3.13/site-packages/django/core/handlers/exception.py", line 55, in inner
    response = get_response(request)
  File "/home/danilobo/Home_inventory/py_home/lib/python3.13/site-packages/django/core/handlers/base.py", line 198, in _get_response
    response = wrapped_callback(request, *callback_args, **callback_kwargs)
  File "/home/danilobo/Home_inventory/casa/inventory/views.py", line 592, in lista_compras
    ativos = Compra.objects.filter(comprado=False)
             ^^^^^^
NameError: name 'Compra' is not defined
ERROR 2026-08-23 09:39:33,476 log 23601 140734721050592 Internal Server Error: /lista-compras/
Traceback (most recent call last):
  File "/home/danilobo/Home_inventory/py_home/lib/python3.13/site-packages/django/core/handlers/exception.py", line 55, in inner
    response = get_response(request)
  File "/home/danilobo/Home_inventory/py_home/lib/python3.13/site-packages/django/core/handlers/base.py", line 198, in _get_response
    response = wrapped_callback(request, *callback_args, **callback_kwargs)
  File "/home/danilobo/Home_inventory/casa/inventory/views.py", line 592, in lista_compras
    ativos = Compra.objects.filter(comprado=False)
             ^^^^^^
NameError: name 'Compra' is not defined
WARNING 2026-08-23 09:41:37,723 log 24085 140734386276320 Unauthorized: /api/divisoes/
WARNING 2026-08-23 09:42:02,118 log 24254 140733217196000 Unauthorized: /api/divisoes/
WARNING 2026-08-23 09:44:50,804 log 25019 140733737011168 Unauthorized: /api/divisoes/
WARNING 2026-08-23 09:45:21,632 log 25215 140735296276448 Unauthorized: /api/divisoes/
WARNING 2026-08-23 09:46:27,129 log 25598 140735379589088 Unauthorized: /api/divisoes/
WARNING 2026-08-23 09:48:25,946 log 26361 140733828810720 Unauthorized: /api/divisoes/
WARNING 2026-08-23 09:50:29,641 log 27166 140732134754272 Unauthorized: /api/divisoes/
WARNING 2026-08-23 11:18:19,096 log 50887 140735493031904 Not Found: /static/inventory/js/charts.js
WARNING 2026-08-23 11:21:55,421 log 52129 140733922527200 Unauthorized: /api/divisoes/
ERROR 2026-08-23 11:26:27,313 log 53580 140736018679776 Invalid HTTP_HOST header: 'testserver'. You may need to add 'testserver' to ALLOWED_HOSTS.
Traceback (most recent call last):
  File "/home/danilobo/Home_inventory/py_home/lib/python3.13/site-packages/django/core/handlers/exception.py", line 55, in inner
    response = get_response(request)
  File "/home/danilobo/Home_inventory/py_home/lib/python3.13/site-packages/django/utils/deprecation.py", line 308, in __call__
    response = self.process_request(request)
  File "/home/danilobo/Home_inventory/py_home/lib/python3.13/site-packages/django/middleware/common.py", line 48, in process_request
    host = request.get_host()
  File "/home/danilobo/Home_inventory/py_home/lib/python3.13/site-packages/django/http/request.py", line 205, in get_host
    raise DisallowedHost(msg)
django.core.exceptions.DisallowedHost: Invalid HTTP_HOST header: 'testserver'. You may need to add 'testserver' to ALLOWED_HOSTS.
WARNING 2026-08-23 11:30:31,538 log 54363 140733764634592 Not Found: /favicon.ico
WARNING 2026-08-23 11:32:48,144 log 55867 140735971821536 Unauthorized: /api/divisoes/
WARNING 2026-08-23 11:36:38,127 log 57173 140735443077088 Unauthorized: /api/divisoes/
WARNING 2026-08-23 11:39:12,251 log 58260 140732868757472 Unauthorized: /api/divisoes/
WARNING 2026-08-23 11:40:04,896 log 58689 140734692493280 Unauthorized: /api/divisoes/
WARNING 2026-08-23 12:01:24,003 log 64007 140733483796448 Unauthorized: /api/divisoes/
INFO 2026-08-23 12:16:57,924 autoreload 70787 140733100279776 Watching for file changes with StatReloader
WARNING 2026-08-23 12:19:06,610 log 71055 140733454813152 Not Found: /favicon.ico
WARNING 2026-08-23 12:27:34,996 log 73769 140735370807264 Forbidden (Origin checking failed - https://192.168.1.78 does not match any trusted origins.): /adicionar-consumivel/
WARNING 2026-08-23 12:29:45,318 log 73770 140735370807264 Forbidden (Origin checking failed - https://192.168.1.78 does not match any trusted origins.): /adicionar-consumivel/
WARNING 2026-08-23 12:36:02,175 log 2 140736396609504 Unauthorized: /api/divisoes/
WARNING 2026-08-23 12:36:51,193 log 5 140734963861472 Unauthorized: /api/divisoes/
ERROR 2026-08-23 12:39:03,823 log 76474 140732652177376 Internal Server Error: /lista-compras/
Traceback (most recent call last):
  File "/home/danilobo/Home_inventory/py_home/lib/python3.13/site-packages/django/core/handlers/exception.py", line 55, in inner
    response = get_response(request)
  File "/home/danilobo/Home_inventory/py_home/lib/python3.13/site-packages/django/core/handlers/base.py", line 198, in _get_response
    response = wrapped_callback(request, *callback_args, **callback_kwargs)
  File "/home/danilobo/Home_inventory/casa/inventory/views.py", line 197, in lista_compras
    compras = Consumivel.objects.filter(na_lista_compras=True).select_related("divisao")
              ~~~~~~~~~~~~~~~~~~~~~~~~~^^^^^^^^^^^^^^^^^^^^^^^
  File "/home/danilobo/Home_inventory/py_home/lib/python3.13/site-packages/django/db/models/manager.py", line 87, in manager_method
    return getattr(self.get_queryset(), name)(*args, **kwargs)
           ~~~~~~~~~~~~~~~~~~~~~~~~~~~~~~~~~~^^^^^^^^^^^^^^^^^
  File "/home/danilobo/Home_inventory/py_home/lib/python3.13/site-packages/django/db/models/query.py", line 1542, in filter
    return self._filter_or_exclude(False, args, kwargs)
           ~~~~~~~~~~~~~~~~~~~~~~~^^^^^^^^^^^^^^^^^^^^^
  File "/home/danilobo/Home_inventory/py_home/lib/python3.13/site-packages/django/db/models/query.py", line 1560, in _filter_or_exclude
    clone._filter_or_exclude_inplace(negate, args, kwargs)
    ~~~~~~~~~~~~~~~~~~~~~~~~~~~~~~~~^^^^^^^^^^^^^^^^^^^^^^
  File "/home/danilobo/Home_inventory/py_home/lib/python3.13/site-packages/django/db/models/query.py", line 1570, in _filter_or_exclude_inplace
    self._query.add_q(Q(*args, **kwargs))
    ~~~~~~~~~~~~~~~~~^^^^^^^^^^^^^^^^^^^^
  File "/home/danilobo/Home_inventory/py_home/lib/python3.13/site-packages/django/db/models/sql/query.py", line 1676, in add_q
    clause, _ = self._add_q(q_object, can_reuse)
                ~~~~~~~~~~~^^^^^^^^^^^^^^^^^^^^^
  File "/home/danilobo/Home_inventory/py_home/lib/python3.13/site-packages/django/db/models/sql/query.py", line 1708, in _add_q
    child_clause, needed_inner = self.build_filter(
                                 ~~~~~~~~~~~~~~~~~^
        child,
        ^^^^^^
    ...<7 lines>...
        update_join_types=update_join_types,
        ^^^^^^^^^^^^^^^^^^^^^^^^^^^^^^^^^^^^
    )
    ^
  File "/home/danilobo/Home_inventory/py_home/lib/python3.13/site-packages/django/db/models/sql/query.py", line 1556, in build_filter
    lookups, parts, reffed_expression = self.solve_lookup_type(arg, summarize)
                                        ~~~~~~~~~~~~~~~~~~~~~~^^^^^^^^^^^^^^^^
  File "/home/danilobo/Home_inventory/py_home/lib/python3.13/site-packages/django/db/models/sql/query.py", line 1363, in solve_lookup_type
    _, field, _, lookup_parts = self.names_to_path(lookup_splitted, self.get_meta())
                                ~~~~~~~~~~~~~~~~~~^^^^^^^^^^^^^^^^^^^^^^^^^^^^^^^^^^
  File "/home/danilobo/Home_inventory/py_home/lib/python3.13/site-packages/django/db/models/sql/query.py", line 1842, in names_to_path
    raise FieldError(
    ...<2 lines>...
    )
django.core.exceptions.FieldError: Cannot resolve keyword 'na_lista_compras' into field. Choices are: comprado, divisao, divisao_id, id, nome, quantidade, quantidade_compra, updated_at, uuid
ERROR 2026-08-23 12:39:57,221 log 76474 140732652177376 Internal Server Error: /lista-compras/
Traceback (most recent call last):
  File "/home/danilobo/Home_inventory/py_home/lib/python3.13/site-packages/django/core/handlers/exception.py", line 55, in inner
    response = get_response(request)
  File "/home/danilobo/Home_inventory/py_home/lib/python3.13/site-packages/django/core/handlers/base.py", line 198, in _get_response
    response = wrapped_callback(request, *callback_args, **callback_kwargs)
  File "/home/danilobo/Home_inventory/casa/inventory/views.py", line 197, in lista_compras
    compras = Consumivel.objects.filter(na_lista_compras=True).select_related("divisao")
              ~~~~~~~~~~~~~~~~~~~~~~~~~^^^^^^^^^^^^^^^^^^^^^^^
  File "/home/danilobo/Home_inventory/py_home/lib/python3.13/site-packages/django/db/models/manager.py", line 87, in manager_method
    return getattr(self.get_queryset(), name)(*args, **kwargs)
           ~~~~~~~~~~~~~~~~~~~~~~~~~~~~~~~~~~^^^^^^^^^^^^^^^^^
  File "/home/danilobo/Home_inventory/py_home/lib/python3.13/site-packages/django/db/models/query.py", line 1542, in filter
    return self._filter_or_exclude(False, args, kwargs)
           ~~~~~~~~~~~~~~~~~~~~~~~^^^^^^^^^^^^^^^^^^^^^
  File "/home/danilobo/Home_inventory/py_home/lib/python3.13/site-packages/django/db/models/query.py", line 1560, in _filter_or_exclude
    clone._filter_or_exclude_inplace(negate, args, kwargs)
    ~~~~~~~~~~~~~~~~~~~~~~~~~~~~~~~~^^^^^^^^^^^^^^^^^^^^^^
  File "/home/danilobo/Home_inventory/py_home/lib/python3.13/site-packages/django/db/models/query.py", line 1570, in _filter_or_exclude_inplace
    self._query.add_q(Q(*args, **kwargs))
    ~~~~~~~~~~~~~~~~~^^^^^^^^^^^^^^^^^^^^
  File "/home/danilobo/Home_inventory/py_home/lib/python3.13/site-packages/django/db/models/sql/query.py", line 1676, in add_q
    clause, _ = self._add_q(q_object, can_reuse)
                ~~~~~~~~~~~^^^^^^^^^^^^^^^^^^^^^
  File "/home/danilobo/Home_inventory/py_home/lib/python3.13/site-packages/django/db/models/sql/query.py", line 1708, in _add_q
    child_clause, needed_inner = self.build_filter(
                                 ~~~~~~~~~~~~~~~~~^
        child,
        ^^^^^^
    ...<7 lines>...
        update_join_types=update_join_types,
        ^^^^^^^^^^^^^^^^^^^^^^^^^^^^^^^^^^^^
    )
    ^
  File "/home/danilobo/Home_inventory/py_home/lib/python3.13/site-packages/django/db/models/sql/query.py", line 1556, in build_filter
    lookups, parts, reffed_expression = self.solve_lookup_type(arg, summarize)
                                        ~~~~~~~~~~~~~~~~~~~~~~^^^^^^^^^^^^^^^^
  File "/home/danilobo/Home_inventory/py_home/lib/python3.13/site-packages/django/db/models/sql/query.py", line 1363, in solve_lookup_type
    _, field, _, lookup_parts = self.names_to_path(lookup_splitted, self.get_meta())
                                ~~~~~~~~~~~~~~~~~~^^^^^^^^^^^^^^^^^^^^^^^^^^^^^^^^^^
  File "/home/danilobo/Home_inventory/py_home/lib/python3.13/site-packages/django/db/models/sql/query.py", line 1842, in names_to_path
    raise FieldError(
    ...<2 lines>...
    )
django.core.exceptions.FieldError: Cannot resolve keyword 'na_lista_compras' into field. Choices are: comprado, divisao, divisao_id, id, nome, quantidade, quantidade_compra, updated_at, uuid
ERROR 2026-08-23 12:39:58,466 log 76474 140732652177376 Internal Server Error: /lista-compras/
Traceback (most recent call last):
  File "/home/danilobo/Home_inventory/py_home/lib/python3.13/site-packages/django/core/handlers/exception.py", line 55, in inner
    response = get_response(request)
  File "/home/danilobo/Home_inventory/py_home/lib/python3.13/site-packages/django/core/handlers/base.py", line 198, in _get_response
    response = wrapped_callback(request, *callback_args, **callback_kwargs)
  File "/home/danilobo/Home_inventory/casa/inventory/views.py", line 197, in lista_compras
    compras = Consumivel.objects.filter(na_lista_compras=True).select_related("divisao")
              ~~~~~~~~~~~~~~~~~~~~~~~~~^^^^^^^^^^^^^^^^^^^^^^^
  File "/home/danilobo/Home_inventory/py_home/lib/python3.13/site-packages/django/db/models/manager.py", line 87, in manager_method
    return getattr(self.get_queryset(), name)(*args, **kwargs)
           ~~~~~~~~~~~~~~~~~~~~~~~~~~~~~~~~~~^^^^^^^^^^^^^^^^^
  File "/home/danilobo/Home_inventory/py_home/lib/python3.13/site-packages/django/db/models/query.py", line 1542, in filter
    return self._filter_or_exclude(False, args, kwargs)
           ~~~~~~~~~~~~~~~~~~~~~~~^^^^^^^^^^^^^^^^^^^^^
  File "/home/danilobo/Home_inventory/py_home/lib/python3.13/site-packages/django/db/models/query.py", line 1560, in _filter_or_exclude
    clone._filter_or_exclude_inplace(negate, args, kwargs)
    ~~~~~~~~~~~~~~~~~~~~~~~~~~~~~~~~^^^^^^^^^^^^^^^^^^^^^^
  File "/home/danilobo/Home_inventory/py_home/lib/python3.13/site-packages/django/db/models/query.py", line 1570, in _filter_or_exclude_inplace
    self._query.add_q(Q(*args, **kwargs))
    ~~~~~~~~~~~~~~~~~^^^^^^^^^^^^^^^^^^^^
  File "/home/danilobo/Home_inventory/py_home/lib/python3.13/site-packages/django/db/models/sql/query.py", line 1676, in add_q
    clause, _ = self._add_q(q_object, can_reuse)
                ~~~~~~~~~~~^^^^^^^^^^^^^^^^^^^^^
  File "/home/danilobo/Home_inventory/py_home/lib/python3.13/site-packages/django/db/models/sql/query.py", line 1708, in _add_q
    child_clause, needed_inner = self.build_filter(
                                 ~~~~~~~~~~~~~~~~~^
        child,
        ^^^^^^
    ...<7 lines>...
        update_join_types=update_join_types,
        ^^^^^^^^^^^^^^^^^^^^^^^^^^^^^^^^^^^^
    )
    ^
  File "/home/danilobo/Home_inventory/py_home/lib/python3.13/site-packages/django/db/models/sql/query.py", line 1556, in build_filter
    lookups, parts, reffed_expression = self.solve_lookup_type(arg, summarize)
                                        ~~~~~~~~~~~~~~~~~~~~~~^^^^^^^^^^^^^^^^
  File "/home/danilobo/Home_inventory/py_home/lib/python3.13/site-packages/django/db/models/sql/query.py", line 1363, in solve_lookup_type
    _, field, _, lookup_parts = self.names_to_path(lookup_splitted, self.get_meta())
                                ~~~~~~~~~~~~~~~~~~^^^^^^^^^^^^^^^^^^^^^^^^^^^^^^^^^^
  File "/home/danilobo/Home_inventory/py_home/lib/python3.13/site-packages/django/db/models/sql/query.py", line 1842, in names_to_path
    raise FieldError(
    ...<2 lines>...
    )
django.core.exceptions.FieldError: Cannot resolve keyword 'na_lista_compras' into field. Choices are: comprado, divisao, divisao_id, id, nome, quantidade, quantidade_compra, updated_at, uuid
WARNING 2026-08-23 12:41:44,722 log 4 140733358000096 Unauthorized: /api/divisoes/
ERROR 2026-08-23 12:48:40,351 log 81215 140733724903392 Internal Server Error: /lista-compras/
Traceback (most recent call last):
  File "/home/danilobo/Home_inventory/py_home/lib/python3.13/site-packages/django/core/handlers/exception.py", line 55, in inner
    response = get_response(request)
  File "/home/danilobo/Home_inventory/py_home/lib/python3.13/site-packages/django/core/handlers/base.py", line 198, in _get_response
    response = wrapped_callback(request, *callback_args, **callback_kwargs)
  File "/home/danilobo/Home_inventory/casa/inventory/views.py", line 206, in lista_compras
    return render(
        request,
    ...<12 lines>...
        },
    )
  File "/home/danilobo/Home_inventory/py_home/lib/python3.13/site-packages/django/shortcuts.py", line 25, in render
    content = loader.render_to_string(template_name, context, request, using=using)
  File "/home/danilobo/Home_inventory/py_home/lib/python3.13/site-packages/django/template/loader.py", line 62, in render_to_string
    return template.render(context, request)
           ~~~~~~~~~~~~~~~^^^^^^^^^^^^^^^^^^
  File "/home/danilobo/Home_inventory/py_home/lib/python3.13/site-packages/django/template/backends/django.py", line 107, in render
    return self.template.render(context)
           ~~~~~~~~~~~~~~~~~~~~^^^^^^^^^
  File "/home/danilobo/Home_inventory/py_home/lib/python3.13/site-packages/django/template/base.py", line 174, in render
    return self._render(context)
           ~~~~~~~~~~~~^^^^^^^^^
  File "/home/danilobo/Home_inventory/py_home/lib/python3.13/site-packages/django/template/base.py", line 166, in _render
    return self.nodelist.render(context)
           ~~~~~~~~~~~~~~~~~~~~^^^^^^^^^
  File "/home/danilobo/Home_inventory/py_home/lib/python3.13/site-packages/django/template/base.py", line 1091, in render
    return SafeString("".join([node.render_annotated(context) for node in self]))
                               ~~~~~~~~~~~~~~~~~~~~~^^^^^^^^^
  File "/home/danilobo/Home_inventory/py_home/lib/python3.13/site-packages/django/template/base.py", line 1052, in render_annotated
    return self.render(context)
           ~~~~~~~~~~~^^^^^^^^^
  File "/home/danilobo/Home_inventory/py_home/lib/python3.13/site-packages/django/template/loader_tags.py", line 160, in render
    return compiled_parent._render(context)
           ~~~~~~~~~~~~~~~~~~~~~~~^^^^^^^^^
  File "/home/danilobo/Home_inventory/py_home/lib/python3.13/site-packages/django/template/base.py", line 166, in _render
    return self.nodelist.render(context)
           ~~~~~~~~~~~~~~~~~~~~^^^^^^^^^
  File "/home/danilobo/Home_inventory/py_home/lib/python3.13/site-packages/django/template/base.py", line 1091, in render
    return SafeString("".join([node.render_annotated(context) for node in self]))
                               ~~~~~~~~~~~~~~~~~~~~~^^^^^^^^^
  File "/home/danilobo/Home_inventory/py_home/lib/python3.13/site-packages/django/template/base.py", line 1052, in render_annotated
    return self.render(context)
           ~~~~~~~~~~~^^^^^^^^^
  File "/home/danilobo/Home_inventory/py_home/lib/python3.13/site-packages/django/template/loader_tags.py", line 66, in render
    result = block.nodelist.render(context)
  File "/home/danilobo/Home_inventory/py_home/lib/python3.13/site-packages/django/template/base.py", line 1091, in render
    return SafeString("".join([node.render_annotated(context) for node in self]))
                               ~~~~~~~~~~~~~~~~~~~~~^^^^^^^^^
  File "/home/danilobo/Home_inventory/py_home/lib/python3.13/site-packages/django/template/base.py", line 1052, in render_annotated
    return self.render(context)
           ~~~~~~~~~~~^^^^^^^^^
  File "/home/danilobo/Home_inventory/py_home/lib/python3.13/site-packages/django/template/defaulttags.py", line 249, in render
    nodelist.append(node.render_annotated(context))
                    ~~~~~~~~~~~~~~~~~~~~~^^^^^^^^^
  File "/home/danilobo/Home_inventory/py_home/lib/python3.13/site-packages/django/template/base.py", line 1052, in render_annotated
    return self.render(context)
           ~~~~~~~~~~~^^^^^^^^^
  File "/home/danilobo/Home_inventory/py_home/lib/python3.13/site-packages/django/template/defaulttags.py", line 511, in render
    url = reverse(view_name, args=args, kwargs=kwargs, current_app=current_app)
  File "/home/danilobo/Home_inventory/py_home/lib/python3.13/site-packages/django/urls/base.py", line 98, in reverse
    resolved_url = resolver._reverse_with_prefix(view, prefix, *args, **kwargs)
  File "/home/danilobo/Home_inventory/py_home/lib/python3.13/site-packages/django/urls/resolvers.py", line 842, in _reverse_with_prefix
    raise NoReverseMatch(msg)
django.urls.exceptions.NoReverseMatch: Reverse for 'marcar_comprado' not found. 'marcar_comprado' is not a valid view function or pattern name.
WARNING 2026-08-23 12:49:04,235 log 4 140734995761120 Unauthorized: /api/divisoes/
WARNING 2026-08-23 12:49:26,656 log 81215 140733724903392 Not Found: /marcar-compra/1/
WARNING 2026-08-23 12:50:14,920 log 4 140734711547872 Unauthorized: /api/divisoes/
WARNING 2026-08-23 12:53:08,160 log 81215 140733724903392 Not Found: /marcar-compra/1/
WARNING 2026-08-23 12:53:26,799 log 81215 140733724903392 Not Found: /marcar-compra/1/
WARNING 2026-08-23 12:57:47,034 log 84264 140735924930528 Unauthorized: /api/divisoes/
WARNING 2026-08-23 13:00:55,146 log 85356 140735330109408 Unauthorized: /api/divisoes/
WARNING 2026-08-23 13:04:11,523 log 86128 140735939430368 Unauthorized: /api/divisoes/
WARNING 2026-08-23 13:09:00,675 log 87221 140733304489952 Unauthorized: /api/divisoes/
WARNING 2026-08-23 14:21:39,468 log 96404 140733193390048 Unauthorized: /api/divisoes/
WARNING 2026-08-23 14:22:54,757 log 96699 140734766860256 Unauthorized: /api/divisoes/
WARNING 2026-08-23 14:24:24,247 log 97087 140732350171104 Unauthorized: /api/divisoes/
WARNING 2026-08-23 14:25:39,690 log 97426 140732703803360 Unauthorized: /api/divisoes/
WARNING 2026-08-23 14:26:43,130 log 97719 140735807277024 Unauthorized: /api/divisoes/
WARNING 2026-08-23 14:28:35,849 log 98144 140733376169952 Unauthorized: /api/divisoes/
WARNING 2026-08-23 14:32:56,193 log 99366 140732664874976 Unauthorized: /api/divisoes/
WARNING 2026-08-23 14:38:36,359 log 100705 140736207439840 Unauthorized: /api/divisoes/
ERROR 2026-08-23 14:39:58,653 log 100766 140735634638816 Invalid HTTP_HOST header: 'raspberrypi'. You may need to add 'raspberrypi' to ALLOWED_HOSTS.
Traceback (most recent call last):
  File "/home/danilobo/Home_inventory/py_home/lib/python3.13/site-packages/django/core/handlers/exception.py", line 55, in inner
    response = get_response(request)
  File "/home/danilobo/Home_inventory/py_home/lib/python3.13/site-packages/django/utils/deprecation.py", line 308, in __call__
    response = self.process_request(request)
  File "/home/danilobo/Home_inventory/py_home/lib/python3.13/site-packages/django/middleware/common.py", line 48, in process_request
    host = request.get_host()
  File "/home/danilobo/Home_inventory/py_home/lib/python3.13/site-packages/django/http/request.py", line 205, in get_host
    raise DisallowedHost(msg)
django.core.exceptions.DisallowedHost: Invalid HTTP_HOST header: 'raspberrypi'. You may need to add 'raspberrypi' to ALLOWED_HOSTS.
ERROR 2026-08-23 14:39:58,828 log 100766 140735634638816 Invalid HTTP_HOST header: 'raspberrypi'. You may need to add 'raspberrypi' to ALLOWED_HOSTS.
Traceback (most recent call last):
  File "/home/danilobo/Home_inventory/py_home/lib/python3.13/site-packages/django/core/handlers/exception.py", line 55, in inner
    response = get_response(request)
  File "/home/danilobo/Home_inventory/py_home/lib/python3.13/site-packages/django/utils/deprecation.py", line 308, in __call__
    response = self.process_request(request)
  File "/home/danilobo/Home_inventory/py_home/lib/python3.13/site-packages/django/middleware/common.py", line 48, in process_request
    host = request.get_host()
  File "/home/danilobo/Home_inventory/py_home/lib/python3.13/site-packages/django/http/request.py", line 205, in get_host
    raise DisallowedHost(msg)
django.core.exceptions.DisallowedHost: Invalid HTTP_HOST header: 'raspberrypi'. You may need to add 'raspberrypi' to ALLOWED_HOSTS.
WARNING 2026-08-23 14:41:53,437 log 101619 140736350570464 Unauthorized: /api/divisoes/
WARNING 2026-08-23 14:42:16,143 log 101684 140736149850080 Unauthorized: /api/sync/consumiveis/
WARNING 2026-08-23 14:42:16,258 log 101683 140736149850080 Not Found: /favicon.ico
WARNING 2026-08-23 14:42:17,660 log 101683 140736149850080 Unauthorized: /api/sync/consumiveis/
WARNING 2026-08-23 14:42:19,915 log 101683 140736149850080 Unauthorized: /api/sync/consumiveis/
WARNING 2026-08-23 14:42:20,520 log 101682 140736149850080 Unauthorized: /api/sync/consumiveis/
WARNING 2026-08-23 14:42:22,468 log 101684 140736149850080 Unauthorized: /api/sync/consumiveis/
WARNING 2026-08-23 14:42:24,391 log 101683 140736149850080 Unauthorized: /api/sync/consumiveis/
WARNING 2026-08-23 14:42:25,275 log 101682 140736149850080 Unauthorized: /api/sync/consumiveis/
WARNING 2026-08-23 14:42:27,060 log 101683 140736149850080 Unauthorized: /api/sync/consumiveis/
WARNING 2026-08-23 14:42:29,290 log 101684 140736149850080 Unauthorized: /api/sync/consumiveis/
WARNING 2026-08-23 14:43:10,854 log 101684 140736149850080 Not Found: /favicon.ico
WARNING 2026-08-23 14:43:10,855 log 101683 140736149850080 Unauthorized: /api/sync/consumiveis/
WARNING 2026-08-23 14:43:44,078 log 101684 140736149850080 Not Found: /apple-touch-icon-precomposed.png
WARNING 2026-08-23 14:43:44,099 log 101683 140736149850080 Not Found: /favicon.ico
WARNING 2026-08-23 14:43:44,100 log 101682 140736149850080 Not Found: /apple-touch-icon.png
WARNING 2026-08-23 14:44:01,665 log 101683 140736149850080 Unauthorized: /api/sync/consumiveis/
WARNING 2026-08-23 14:44:05,705 log 101684 140736149850080 Not Found: /apple-touch-icon-precomposed.png
WARNING 2026-08-23 14:44:05,705 log 101683 140736149850080 Not Found: /apple-touch-icon.png
WARNING 2026-08-23 14:44:05,710 log 101683 140736149850080 Not Found: /favicon.ico
WARNING 2026-08-23 14:44:26,174 log 101683 140736149850080 Unauthorized: /api/sync/consumiveis/
WARNING 2026-08-23 14:44:30,763 log 101682 140736149850080 Unauthorized: /api/sync/consumiveis/
WARNING 2026-08-23 14:44:55,184 log 102327 140736040224736 Unauthorized: /api/divisoes/
WARNING 2026-08-23 14:45:02,294 log 102376 140733366912992 Unauthorized: /api/sync/consumiveis/
WARNING 2026-08-23 14:45:03,877 log 102376 140733366912992 Unauthorized: /api/sync/consumiveis/
WARNING 2026-08-23 14:45:04,837 log 102376 140733366912992 Unauthorized: /api/sync/consumiveis/
WARNING 2026-08-23 14:45:05,851 log 102376 140733366912992 Unauthorized: /api/sync/consumiveis/
WARNING 2026-08-23 14:45:09,436 log 102377 140733366912992 Unauthorized: /api/sync/consumiveis/
WARNING 2026-08-23 14:45:10,298 log 102377 140733366912992 Unauthorized: /api/sync/consumiveis/
WARNING 2026-08-23 14:46:19,928 log 102742 140735314036704 Unauthorized: /api/divisoes/
WARNING 2026-08-23 14:46:27,524 log 102794 140733071624160 Unauthorized: /api/sync/consumiveis/
WARNING 2026-08-23 14:46:28,730 log 102792 140733071624160 Unauthorized: /api/sync/consumiveis/
WARNING 2026-08-23 14:46:29,242 log 102792 140733071624160 Unauthorized: /api/sync/consumiveis/
WARNING 2026-08-23 14:46:29,655 log 102792 140733071624160 Unauthorized: /api/sync/consumiveis/
WARNING 2026-08-23 14:46:33,692 log 102792 140733071624160 Unauthorized: /api/sync/consumiveis/
WARNING 2026-08-23 14:46:34,151 log 102794 140733071624160 Unauthorized: /api/sync/consumiveis/
WARNING 2026-08-23 14:46:34,813 log 102792 140733071624160 Unauthorized: /api/sync/consumiveis/
WARNING 2026-08-23 14:47:55,693 log 102792 140733071624160 Unauthorized: /api/sync/consumiveis/
WARNING 2026-08-23 14:47:57,387 log 102793 140733071624160 Unauthorized: /api/sync/consumiveis/
WARNING 2026-08-23 14:49:24,939 log 103553 140733203302368 Unauthorized: /api/divisoes/
WARNING 2026-08-23 14:53:11,206 log 104425 140735619844064 Unauthorized: /api/divisoes/
WARNING 2026-08-23 14:57:28,985 log 105458 140735259166688 Unauthorized: /api/divisoes/
WARNING 2026-08-23 19:02:40,272 log 105513 140732210382816 Not Found: /favicon.ico
WARNING 2026-08-23 19:02:42,412 log 105513 140732210382816 Not Found: /favicon.ico
WARNING 2026-08-23 19:06:06,578 log 105512 140732210382816 Not Found: /favicon.ico
WARNING 2026-08-23 19:06:06,652 log 105512 140732210382816 Not Found: /favicon.ico
WARNING 2026-08-23 20:45:20,334 log 105513 140732210382816 Not Found: /favicon.ico
WARNING 2026-08-23 20:45:23,285 log 105512 140732210382816 Not Found: /favicon.ico
WARNING 2026-08-26 12:34:40,786 log 115750 140733919217632 Unauthorized: /api/divisoes/
WARNING 2026-08-26 12:39:13,900 log 117001 140733476227040 Unauthorized: /api/divisoes/
WARNING 2026-08-26 12:44:42,061 log 118253 140735865522144 Unauthorized: /api/divisoes/
WARNING 2026-08-26 12:48:52,646 log 119195 140736301385696 Unauthorized: /api/divisoes/
WARNING 2026-08-26 12:53:46,100 log 119253 140732714846176 Not Found: /favicon.ico
WARNING 2026-08-26 13:10:57,112 log 123863 140732818016224 Unauthorized: /api/divisoes/
WARNING 2026-08-26 13:13:07,838 log 124428 140734758586336 Unauthorized: /api/divisoes/
WARNING 2026-08-26 13:14:35,773 log 124822 140732376860640 Unauthorized: /api/divisoes/
WARNING 2026-08-26 13:26:05,361 log 129470 140733081389024 Unauthorized: /api/divisoes/
WARNING 2026-08-26 13:28:40,190 log 130183 140734023534560 Unauthorized: /api/divisoes/
WARNING 2026-08-26 13:30:37,169 log 130833 140734132258784 Unauthorized: /api/divisoes/
WARNING 2026-08-26 13:33:28,563 log 131682 140735406983136 Unauthorized: /api/divisoes/
WARNING 2026-08-26 13:38:13,552 log 131776 140733918300128 Not Found: /apple-touch-icon-precomposed.png
WARNING 2026-08-26 13:38:13,571 log 131776 140733918300128 Not Found: /apple-touch-icon.png
WARNING 2026-08-26 13:38:13,588 log 131777 140733918300128 Not Found: /favicon.ico
WARNING 2026-08-26 13:39:09,130 log 131777 140733918300128 Not Found: /apple-touch-icon-precomposed.png
WARNING 2026-08-26 13:39:09,145 log 131777 140733918300128 Not Found: /apple-touch-icon.png
WARNING 2026-08-26 13:39:09,152 log 131777 140733918300128 Not Found: /favicon.ico
WARNING 2026-08-26 13:46:23,373 log 134692 140733085321184 Unauthorized: /api/divisoes/
WARNING 2026-08-26 14:13:48,320 log 141410 140732471068640 Unauthorized: /api/divisoes/
WARNING 2026-08-26 14:43:05,410 log 141504 140733655893984 Not Found: /apple-touch-icon-precomposed.png
WARNING 2026-08-26 14:43:05,422 log 141504 140733655893984 Not Found: /apple-touch-icon.png
WARNING 2026-08-26 14:43:05,432 log 141505 140733655893984 Not Found: /favicon.ico
WARNING 2026-08-26 15:32:53,876 log 141504 140733655893984 Not Found: /favicon.ico
WARNING 2026-08-26 16:00:27,487 log 157656 140735074486240 Unauthorized: /api/divisoes/
WARNING 2026-08-26 16:02:46,934 log 158645 140734883514336 Unauthorized: /api/divisoes/
